model,split,drop_frac,drop_seed,track_id,size_mse
ode_leaked,val,0.2,0,5176,0.08178930729627609
ode_leaked,val,0.2,0,5185,0.0962674543261528
ode_leaked,val,0.2,0,5199,0.17337249219417572
ode_leaked,val,0.2,0,5215,0.207381933927536
ode_leaked,val,0.2,0,5217,0.07782816141843796
ode_leaked,val,0.2,0,5221,0.1042766124010086
ode_leaked,val,0.2,0,5222,0.4818030297756195
ode_leaked,val,0.2,0,5227,0.3751077950000763
ode_leaked,val,0.2,0,5232,0.06816966086626053
ode_leaked,val,0.2,0,5236,0.1465456783771515
ode_leaked,val,0.2,0,5243,0.1950521171092987
ode_leaked,val,0.2,0,6917,0.24689391255378723
ode_leaked,val,0.2,0,6922,0.26725587248802185
ode_leaked,val,0.2,0,6923,0.0637829378247261
ode_leaked,val,0.2,0,6924,0.07317739725112915
ode_leaked,val,0.2,1,5176,0.08729131519794464
ode_leaked,val,0.2,1,5185,0.07584138959646225
ode_leaked,val,0.2,1,5199,0.14000868797302246
ode_leaked,val,0.2,1,5215,0.30122607946395874
ode_leaked,val,0.2,1,5217,0.053273871541023254
ode_leaked,val,0.2,1,5221,0.10192682594060898
ode_leaked,val,0.2,1,5222,0.5007767677307129
ode_leaked,val,0.2,1,5227,0.15987057983875275
ode_leaked,val,0.2,1,5232,0.06223760172724724
ode_leaked,val,0.2,1,5236,0.22727510333061218
ode_leaked,val,0.2,1,5243,0.06329434365034103
ode_leaked,val,0.2,1,6917,0.11616969108581543
ode_leaked,val,0.2,1,6922,0.23336076736450195
ode_leaked,val,0.2,1,6923,0.052128467708826065
ode_leaked,val,0.2,1,6924,0.07217863947153091
ode_leaked,val,0.2,2,5176,0.08247770369052887
ode_leaked,val,0.2,2,5185,0.0853685587644577
ode_leaked,val,0.2,2,5199,0.16712644696235657
ode_leaked,val,0.2,2,5215,0.14691725373268127
ode_leaked,val,0.2,2,5217,0.08525549620389938
ode_leaked,val,0.2,2,5221,0.1581611931324005
ode_leaked,val,0.2,2,5222,0.5708584785461426
ode_leaked,val,0.2,2,5227,0.12243568897247314
ode_leaked,val,0.2,2,5232,0.08441752195358276
ode_leaked,val,0.2,2,5236,0.42604970932006836
ode_leaked,val,0.2,2,5243,0.0804021805524826
ode_leaked,val,0.2,2,6917,0.5065240263938904
ode_leaked,val,0.2,2,6922,0.20659573376178741
ode_leaked,val,0.2,2,6923,0.0945969671010971
ode_leaked,val,0.2,2,6924,0.0842210203409195
ode_leaked,val,0.4,0,5176,0.07203732430934906
ode_leaked,val,0.4,0,5185,0.11052335053682327
ode_leaked,val,0.4,0,5199,0.17492711544036865
ode_leaked,val,0.4,0,5215,0.19865654408931732
ode_leaked,val,0.4,0,5217,0.0851292610168457
ode_leaked,val,0.4,0,5221,0.2770056128501892
ode_leaked,val,0.4,0,5222,0.3911822438240051
ode_leaked,val,0.4,0,5227,0.3092765212059021
ode_leaked,val,0.4,0,5232,0.11638489365577698
ode_leaked,val,0.4,0,5236,0.14647233486175537
ode_leaked,val,0.4,0,5243,0.1667879819869995
ode_leaked,val,0.4,0,6917,0.29432493448257446
ode_leaked,val,0.4,0,6922,0.2170603722333908
ode_leaked,val,0.4,0,6923,0.07694296538829803
ode_leaked,val,0.4,0,6924,0.06833800673484802
ode_leaked,val,0.4,1,5176,0.09939246624708176
ode_leaked,val,0.4,1,5185,0.07992953062057495
ode_leaked,val,0.4,1,5199,0.20408697426319122
ode_leaked,val,0.4,1,5215,0.22839251160621643
ode_leaked,val,0.4,1,5217,0.0728081688284874
ode_leaked,val,0.4,1,5221,0.20609121024608612
ode_leaked,val,0.4,1,5222,0.40838226675987244
ode_leaked,val,0.4,1,5227,0.3250216543674469
ode_leaked,val,0.4,1,5232,0.0753311887383461
ode_leaked,val,0.4,1,5236,0.09569162875413895
ode_leaked,val,0.4,1,5243,0.22256319224834442
ode_leaked,val,0.4,1,6917,0.2956387400627136
ode_leaked,val,0.4,1,6922,0.25155574083328247
ode_leaked,val,0.4,1,6923,0.07176677137613297
ode_leaked,val,0.4,1,6924,0.05629566311836243
ode_leaked,val,0.4,2,5176,0.07080994546413422
ode_leaked,val,0.4,2,5185,0.07500213384628296
ode_leaked,val,0.4,2,5199,0.14908671379089355
ode_leaked,val,0.4,2,5215,0.18237188458442688
ode_leaked,val,0.4,2,5217,0.05889269709587097
ode_leaked,val,0.4,2,5221,0.1346975564956665
ode_leaked,val,0.4,2,5222,0.4706701636314392
ode_leaked,val,0.4,2,5227,0.10407135635614395
ode_leaked,val,0.4,2,5232,0.1034696102142334
ode_leaked,val,0.4,2,5236,0.3451034724712372
ode_leaked,val,0.4,2,5243,0.17763866484165192
ode_leaked,val,0.4,2,6917,0.27448025345802307
ode_leaked,val,0.4,2,6922,0.13662615418434143
ode_leaked,val,0.4,2,6923,0.08160356432199478
ode_leaked,val,0.4,2,6924,0.0533859021961689
ode_leaked,val,0.6,0,5176,0.07282485067844391
ode_leaked,val,0.6,0,5185,0.10764253884553909
ode_leaked,val,0.6,0,5199,0.157437264919281
ode_leaked,val,0.6,0,5215,0.19560927152633667
ode_leaked,val,0.6,0,5217,0.08236268907785416
ode_leaked,val,0.6,0,5221,0.1687188595533371
ode_leaked,val,0.6,0,5222,0.6212365627288818
ode_leaked,val,0.6,0,5227,0.2975100874900818
ode_leaked,val,0.6,0,5232,0.11975880712270737
ode_leaked,val,0.6,0,5236,0.2777555286884308
ode_leaked,val,0.6,0,5243,0.17237554490566254
ode_leaked,val,0.6,0,6917,0.41557151079177856
ode_leaked,val,0.6,0,6922,0.17825832962989807
ode_leaked,val,0.6,0,6923,0.07974384725093842
ode_leaked,val,0.6,0,6924,0.09679697453975677
ode_leaked,val,0.6,1,5176,0.07825443148612976
ode_leaked,val,0.6,1,5185,0.09055561572313309
ode_leaked,val,0.6,1,5199,0.18761181831359863
ode_leaked,val,0.6,1,5215,0.2192993462085724
ode_leaked,val,0.6,1,5217,0.07712794840335846
ode_leaked,val,0.6,1,5221,0.21237127482891083
ode_leaked,val,0.6,1,5222,0.4719672203063965
ode_leaked,val,0.6,1,5227,0.3041869103908539
ode_leaked,val,0.6,1,5232,0.10136640071868896
ode_leaked,val,0.6,1,5236,0.251133531332016
ode_leaked,val,0.6,1,5243,0.122208371758461
ode_leaked,val,0.6,1,6917,0.40485715866088867
ode_leaked,val,0.6,1,6922,0.24695146083831787
ode_leaked,val,0.6,1,6923,0.09092273563146591
ode_leaked,val,0.6,1,6924,0.0709167942404747
ode_leaked,val,0.6,2,5176,0.05886693298816681
ode_leaked,val,0.6,2,5185,0.12697656452655792
ode_leaked,val,0.6,2,5199,0.19327858090400696
ode_leaked,val,0.6,2,5215,0.1883571445941925
ode_leaked,val,0.6,2,5217,0.06807177513837814
ode_leaked,val,0.6,2,5221,0.18972642719745636
ode_leaked,val,0.6,2,5222,0.41018056869506836
ode_leaked,val,0.6,2,5227,0.3057735562324524
ode_leaked,val,0.6,2,5232,0.08559570461511612
ode_leaked,val,0.6,2,5236,0.22429227828979492
ode_leaked,val,0.6,2,5243,0.2559061050415039
ode_leaked,val,0.6,2,6917,0.29373008012771606
ode_leaked,val,0.6,2,6922,0.17566077411174774
ode_leaked,val,0.6,2,6923,0.07440084964036942
ode_leaked,val,0.6,2,6924,0.11740991473197937
ode_leaked,test,0.2,0,5175,0.07742185145616531
ode_leaked,test,0.2,0,5177,0.1584169864654541
ode_leaked,test,0.2,0,5179,0.07210744917392731
ode_leaked,test,0.2,0,5180,0.04609597101807594
ode_leaked,test,0.2,0,5190,0.31433653831481934
ode_leaked,test,0.2,0,5195,0.13743403553962708
ode_leaked,test,0.2,0,5206,0.07592262327671051
ode_leaked,test,0.2,0,5212,0.05511360615491867
ode_leaked,test,0.2,0,5216,0.11739664524793625
ode_leaked,test,0.2,0,5228,0.49494829773902893
ode_leaked,test,0.2,0,5233,0.23533308506011963
ode_leaked,test,0.2,0,5234,0.04094265028834343
ode_leaked,test,0.2,0,6300,0.06916090101003647
ode_leaked,test,0.2,0,6306,0.09444644302129745
ode_leaked,test,0.2,0,6883,0.5109412670135498
ode_leaked,test,0.2,1,5175,0.09657665342092514
ode_leaked,test,0.2,1,5177,0.19425207376480103
ode_leaked,test,0.2,1,5179,0.12077832221984863
ode_leaked,test,0.2,1,5180,0.03703337907791138
ode_leaked,test,0.2,1,5190,0.15933150053024292
ode_leaked,test,0.2,1,5195,0.13164958357810974
ode_leaked,test,0.2,1,5206,0.07737241685390472
ode_leaked,test,0.2,1,5212,0.05618640407919884
ode_leaked,test,0.2,1,5216,0.3340769410133362
ode_leaked,test,0.2,1,5228,0.1245725154876709
ode_leaked,test,0.2,1,5233,0.5183906555175781
ode_leaked,test,0.2,1,5234,0.32161056995391846
ode_leaked,test,0.2,1,6300,0.09859460592269897
ode_leaked,test,0.2,1,6306,0.1370898187160492
ode_leaked,test,0.2,1,6883,0.6928315162658691
ode_leaked,test,0.2,2,5175,0.0822177529335022
ode_leaked,test,0.2,2,5177,0.20979182422161102
ode_leaked,test,0.2,2,5179,0.10490892827510834
ode_leaked,test,0.2,2,5180,0.04016771912574768
ode_leaked,test,0.2,2,5190,0.28585097193717957
ode_leaked,test,0.2,2,5195,0.20382413268089294
ode_leaked,test,0.2,2,5206,0.09009233862161636
ode_leaked,test,0.2,2,5212,0.0670204907655716
ode_leaked,test,0.2,2,5216,0.18415719270706177
ode_leaked,test,0.2,2,5228,0.8295119404792786
ode_leaked,test,0.2,2,5233,0.16307523846626282
ode_leaked,test,0.2,2,5234,0.23392842710018158
ode_leaked,test,0.2,2,6300,0.1193026527762413
ode_leaked,test,0.2,2,6306,0.13580311834812164
ode_leaked,test,0.2,2,6883,0.5722647905349731
ode_leaked,test,0.4,0,5175,0.08707521110773087
ode_leaked,test,0.4,0,5177,0.08014607429504395
ode_leaked,test,0.4,0,5179,0.08479274809360504
ode_leaked,test,0.4,0,5180,0.03412020206451416
ode_leaked,test,0.4,0,5190,0.13690772652626038
ode_leaked,test,0.4,0,5195,0.11973925679922104
ode_leaked,test,0.4,0,5206,0.10214449465274811
ode_leaked,test,0.4,0,5212,0.06372196972370148
ode_leaked,test,0.4,0,5216,0.4112359881401062
ode_leaked,test,0.4,0,5228,0.33672988414764404
ode_leaked,test,0.4,0,5233,0.5020954608917236
ode_leaked,test,0.4,0,5234,0.31054964661598206
ode_leaked,test,0.4,0,6300,0.08293651789426804
ode_leaked,test,0.4,0,6306,0.10932055115699768
ode_leaked,test,0.4,0,6883,0.5866898894309998
ode_leaked,test,0.4,1,5175,0.08479952812194824
ode_leaked,test,0.4,1,5177,0.17486482858657837
ode_leaked,test,0.4,1,5179,0.09613072872161865
ode_leaked,test,0.4,1,5180,0.0395943820476532
ode_leaked,test,0.4,1,5190,0.2696266770362854
ode_leaked,test,0.4,1,5195,0.12624280154705048
ode_leaked,test,0.4,1,5206,0.075986847281456
ode_leaked,test,0.4,1,5212,0.06621464341878891
ode_leaked,test,0.4,1,5216,0.16068753600120544
ode_leaked,test,0.4,1,5228,0.30362358689308167
ode_leaked,test,0.4,1,5233,0.3701997697353363
ode_leaked,test,0.4,1,5234,0.2631229758262634
ode_leaked,test,0.4,1,6300,0.0949312299489975
ode_leaked,test,0.4,1,6306,0.09824733436107635
ode_leaked,test,0.4,1,6883,0.595860481262207
ode_leaked,test,0.4,2,5175,0.06727007031440735
ode_leaked,test,0.4,2,5177,0.2114359587430954
ode_leaked,test,0.4,2,5179,0.09791810065507889
ode_leaked,test,0.4,2,5180,0.03215838223695755
ode_leaked,test,0.4,2,5190,0.22074608504772186
ode_leaked,test,0.4,2,5195,0.13952244818210602
ode_leaked,test,0.4,2,5206,0.05835753679275513
ode_leaked,test,0.4,2,5212,0.06946250796318054
ode_leaked,test,0.4,2,5216,0.31005150079727173
ode_leaked,test,0.4,2,5228,0.30740970373153687
ode_leaked,test,0.4,2,5233,0.5723291635513306
ode_leaked,test,0.4,2,5234,0.35031434893608093
ode_leaked,test,0.4,2,6300,0.0825842097401619
ode_leaked,test,0.4,2,6306,0.0939326211810112
ode_leaked,test,0.4,2,6883,0.554844081401825
ode_leaked,test,0.6,0,5175,0.12778741121292114
ode_leaked,test,0.6,0,5177,0.13786280155181885
ode_leaked,test,0.6,0,5179,0.10945099592208862
ode_leaked,test,0.6,0,5180,0.03565121069550514
ode_leaked,test,0.6,0,5190,0.1877327412366867
ode_leaked,test,0.6,0,5195,0.1460823118686676
ode_leaked,test,0.6,0,5206,0.0965588167309761
ode_leaked,test,0.6,0,5212,0.06378655135631561
ode_leaked,test,0.6,0,5216,0.3758630156517029
ode_leaked,test,0.6,0,5228,0.37055185437202454
ode_leaked,test,0.6,0,5233,0.45148777961730957
ode_leaked,test,0.6,0,5234,0.2957690358161926
ode_leaked,test,0.6,0,6300,0.10289553552865982
ode_leaked,test,0.6,0,6306,0.11577165126800537
ode_leaked,test,0.6,0,6883,0.5845293998718262
ode_leaked,test,0.6,1,5175,0.12147058546543121
ode_leaked,test,0.6,1,5177,0.14304687082767487
ode_leaked,test,0.6,1,5179,0.09514552354812622
ode_leaked,test,0.6,1,5180,0.03729016333818436
ode_leaked,test,0.6,1,5190,0.1453610062599182
ode_leaked,test,0.6,1,5195,0.12989865243434906
ode_leaked,test,0.6,1,5206,0.07026533037424088
ode_leaked,test,0.6,1,5212,0.0480043962597847
ode_leaked,test,0.6,1,5216,0.18771180510520935
ode_leaked,test,0.6,1,5228,0.38354232907295227
ode_leaked,test,0.6,1,5233,0.49834638833999634
ode_leaked,test,0.6,1,5234,0.34265846014022827
ode_leaked,test,0.6,1,6300,0.09336311370134354
ode_leaked,test,0.6,1,6306,0.1353667825460434
ode_leaked,test,0.6,1,6883,0.6107545495033264
ode_leaked,test,0.6,2,5175,0.08984750509262085
ode_leaked,test,0.6,2,5177,0.1795545071363449
ode_leaked,test,0.6,2,5179,0.07510629296302795
ode_leaked,test,0.6,2,5180,0.03890209272503853
ode_leaked,test,0.6,2,5190,0.20768052339553833
ode_leaked,test,0.6,2,5195,0.13325843214988708
ode_leaked,test,0.6,2,5206,0.06631629168987274
ode_leaked,test,0.6,2,5212,0.06687702238559723
ode_leaked,test,0.6,2,5216,0.202911376953125
ode_leaked,test,0.6,2,5228,0.5432103872299194
ode_leaked,test,0.6,2,5233,0.41341471672058105
ode_leaked,test,0.6,2,5234,0.3794556260108948
ode_leaked,test,0.6,2,6300,0.08401627093553543
ode_leaked,test,0.6,2,6306,0.11851060390472412
ode_leaked,test,0.6,2,6883,0.5764032006263733
ode_s0,val,0.2,0,5176,0.07518141716718674
ode_s0,val,0.2,0,5185,0.01809391751885414
ode_s0,val,0.2,0,5199,0.027762115001678467
ode_s0,val,0.2,0,5215,0.060105688869953156
ode_s0,val,0.2,0,5217,0.27115708589553833
ode_s0,val,0.2,0,5221,0.20994047820568085
ode_s0,val,0.2,0,5222,0.11605019867420197
ode_s0,val,0.2,0,5227,0.6331144571304321
ode_s0,val,0.2,0,5232,0.13432052731513977
ode_s0,val,0.2,0,5236,0.3521307408809662
ode_s0,val,0.2,0,5243,0.3624404966831207
ode_s0,val,0.2,0,6917,0.049103882163763046
ode_s0,val,0.2,0,6922,0.17148016393184662
ode_s0,val,0.2,0,6923,0.018450845032930374
ode_s0,val,0.2,0,6924,0.0980706438422203
ode_s0,val,0.2,1,5176,0.10441436618566513
ode_s0,val,0.2,1,5185,0.012554015032947063
ode_s0,val,0.2,1,5199,0.03901471942663193
ode_s0,val,0.2,1,5215,0.06552838534116745
ode_s0,val,0.2,1,5217,0.015688609331846237
ode_s0,val,0.2,1,5221,0.21441777050495148
ode_s0,val,0.2,1,5222,0.1142842173576355
ode_s0,val,0.2,1,5227,0.4217012822628021
ode_s0,val,0.2,1,5232,0.11091875284910202
ode_s0,val,0.2,1,5236,0.5613605976104736
ode_s0,val,0.2,1,5243,0.11025457829236984
ode_s0,val,0.2,1,6917,0.021567216143012047
ode_s0,val,0.2,1,6922,0.19980880618095398
ode_s0,val,0.2,1,6923,0.02870352193713188
ode_s0,val,0.2,1,6924,0.11566003412008286
ode_s0,val,0.2,2,5176,0.008142555132508278
ode_s0,val,0.2,2,5185,0.014914033003151417
ode_s0,val,0.2,2,5199,0.047140296548604965
ode_s0,val,0.2,2,5215,0.038091883063316345
ode_s0,val,0.2,2,5217,0.26753970980644226
ode_s0,val,0.2,2,5221,0.23845675587654114
ode_s0,val,0.2,2,5222,0.12959572672843933
ode_s0,val,0.2,2,5227,0.21698398888111115
ode_s0,val,0.2,2,5232,0.23025940358638763
ode_s0,val,0.2,2,5236,0.7482630610466003
ode_s0,val,0.2,2,5243,0.1972278356552124
ode_s0,val,0.2,2,6917,0.10557418316602707
ode_s0,val,0.2,2,6922,0.0289388969540596
ode_s0,val,0.2,2,6923,0.020555680617690086
ode_s0,val,0.2,2,6924,0.11435798555612564
ode_s0,val,0.4,0,5176,0.0976729616522789
ode_s0,val,0.4,0,5185,0.041239574551582336
ode_s0,val,0.4,0,5199,0.06474583595991135
ode_s0,val,0.4,0,5215,0.04738214239478111
ode_s0,val,0.4,0,5217,0.23617945611476898
ode_s0,val,0.4,0,5221,0.551791787147522
ode_s0,val,0.4,0,5222,0.07881812006235123
ode_s0,val,0.4,0,5227,0.5063323974609375
ode_s0,val,0.4,0,5232,0.2675206959247589
ode_s0,val,0.4,0,5236,0.3291824162006378
ode_s0,val,0.4,0,5243,0.4065667986869812
ode_s0,val,0.4,0,6917,0.06289150565862656
ode_s0,val,0.4,0,6922,0.11745388805866241
ode_s0,val,0.4,0,6923,0.021616386249661446
ode_s0,val,0.4,0,6924,0.04421234503388405
ode_s0,val,0.4,1,5176,0.04634853079915047
ode_s0,val,0.4,1,5185,0.029027145355939865
ode_s0,val,0.4,1,5199,0.041472114622592926
ode_s0,val,0.4,1,5215,0.04565143957734108
ode_s0,val,0.4,1,5217,0.12069079279899597
ode_s0,val,0.4,1,5221,0.36421069502830505
ode_s0,val,0.4,1,5222,0.09253907203674316
ode_s0,val,0.4,1,5227,0.694405734539032
ode_s0,val,0.4,1,5232,0.21269580721855164
ode_s0,val,0.4,1,5236,0.21922220289707184
ode_s0,val,0.4,1,5243,0.47131121158599854
ode_s0,val,0.4,1,6917,0.060925401747226715
ode_s0,val,0.4,1,6922,0.05324742570519447
ode_s0,val,0.4,1,6923,0.033022794872522354
ode_s0,val,0.4,1,6924,0.06867489218711853
ode_s0,val,0.4,2,5176,0.08674591034650803
ode_s0,val,0.4,2,5185,0.021022813394665718
ode_s0,val,0.4,2,5199,0.030414750799536705
ode_s0,val,0.4,2,5215,0.041372742503881454
ode_s0,val,0.4,2,5217,0.15937013924121857
ode_s0,val,0.4,2,5221,0.26263749599456787
ode_s0,val,0.4,2,5222,0.10091561079025269
ode_s0,val,0.4,2,5227,0.1922004669904709
ode_s0,val,0.4,2,5232,0.297009140253067
ode_s0,val,0.4,2,5236,0.6778885722160339
ode_s0,val,0.4,2,5243,0.4507094621658325
ode_s0,val,0.4,2,6917,0.057358354330062866
ode_s0,val,0.4,2,6922,0.17559151351451874
ode_s0,val,0.4,2,6923,0.018436964601278305
ode_s0,val,0.4,2,6924,0.07436762005090714
ode_s0,val,0.6,0,5176,0.045532360672950745
ode_s0,val,0.6,0,5185,0.027054626494646072
ode_s0,val,0.6,0,5199,0.06927528977394104
ode_s0,val,0.6,0,5215,0.042690061032772064
ode_s0,val,0.6,0,5217,0.18913720548152924
ode_s0,val,0.6,0,5221,0.3368765115737915
ode_s0,val,0.6,0,5222,0.15395702421665192
ode_s0,val,0.6,0,5227,0.5720710754394531
ode_s0,val,0.6,0,5232,0.2853134870529175
ode_s0,val,0.6,0,5236,0.5649456977844238
ode_s0,val,0.6,0,5243,0.44279924035072327
ode_s0,val,0.6,0,6917,0.08688055723905563
ode_s0,val,0.6,0,6922,0.11819172650575638
ode_s0,val,0.6,0,6923,0.021739106625318527
ode_s0,val,0.6,0,6924,0.12011020630598068
ode_s0,val,0.6,1,5176,0.07704725116491318
ode_s0,val,0.6,1,5185,0.027822185307741165
ode_s0,val,0.6,1,5199,0.05724259465932846
ode_s0,val,0.6,1,5215,0.045728228986263275
ode_s0,val,0.6,1,5217,0.1945173144340515
ode_s0,val,0.6,1,5221,0.40302956104278564
ode_s0,val,0.6,1,5222,0.09211224317550659
ode_s0,val,0.6,1,5227,0.588934063911438
ode_s0,val,0.6,1,5232,0.2664685845375061
ode_s0,val,0.6,1,5236,0.5085266828536987
ode_s0,val,0.6,1,5243,0.2909477949142456
ode_s0,val,0.6,1,6917,0.07063516974449158
ode_s0,val,0.6,1,6922,0.08771906048059464
ode_s0,val,0.6,1,6923,0.02962941862642765
ode_s0,val,0.6,1,6924,0.10019360482692719
ode_s0,val,0.6,2,5176,0.09499766677618027
ode_s0,val,0.6,2,5185,0.04201820120215416
ode_s0,val,0.6,2,5199,0.06274531781673431
ode_s0,val,0.6,2,5215,0.04994968697428703
ode_s0,val,0.6,2,5217,0.1887926608324051
ode_s0,val,0.6,2,5221,0.37997186183929443
ode_s0,val,0.6,2,5222,0.0906790941953659
ode_s0,val,0.6,2,5227,0.49873170256614685
ode_s0,val,0.6,2,5232,0.2387358695268631
ode_s0,val,0.6,2,5236,0.47268399596214294
ode_s0,val,0.6,2,5243,0.5725111365318298
ode_s0,val,0.6,2,6917,0.05992646515369415
ode_s0,val,0.6,2,6922,0.04414123296737671
ode_s0,val,0.6,2,6923,0.03171286731958389
ode_s0,val,0.6,2,6924,0.19074058532714844
ode_s0,test,0.2,0,5175,0.05409718304872513
ode_s0,test,0.2,0,5177,0.3386295735836029
ode_s0,test,0.2,0,5179,0.0396452322602272
ode_s0,test,0.2,0,5180,0.1382404863834381
ode_s0,test,0.2,0,5190,0.5770347714424133
ode_s0,test,0.2,0,5195,0.26388150453567505
ode_s0,test,0.2,0,5206,0.09154289960861206
ode_s0,test,0.2,0,5212,0.18084870278835297
ode_s0,test,0.2,0,5216,0.1905607432126999
ode_s0,test,0.2,0,5228,0.9655326008796692
ode_s0,test,0.2,0,5233,0.4252869784832001
ode_s0,test,0.2,0,5234,0.10642977058887482
ode_s0,test,0.2,0,6300,0.06242835149168968
ode_s0,test,0.2,0,6306,0.10093289613723755
ode_s0,test,0.2,0,6883,0.18463392555713654
ode_s0,test,0.2,1,5175,0.1506187617778778
ode_s0,test,0.2,1,5177,0.44478628039360046
ode_s0,test,0.2,1,5179,0.061554860323667526
ode_s0,test,0.2,1,5180,0.0526389479637146
ode_s0,test,0.2,1,5190,0.3120821416378021
ode_s0,test,0.2,1,5195,0.21484379470348358
ode_s0,test,0.2,1,5206,0.04270702600479126
ode_s0,test,0.2,1,5212,0.05577940493822098
ode_s0,test,0.2,1,5216,0.5482416152954102
ode_s0,test,0.2,1,5228,0.27443015575408936
ode_s0,test,0.2,1,5233,0.8135161995887756
ode_s0,test,0.2,1,5234,0.5826029181480408
ode_s0,test,0.2,1,6300,0.08162090182304382
ode_s0,test,0.2,1,6306,0.13641969859600067
ode_s0,test,0.2,1,6883,0.23984569311141968
ode_s0,test,0.2,2,5175,0.1111631840467453
ode_s0,test,0.2,2,5177,0.4820130467414856
ode_s0,test,0.2,2,5179,0.10344764590263367
ode_s0,test,0.2,2,5180,0.09750975668430328
ode_s0,test,0.2,2,5190,0.5219910740852356
ode_s0,test,0.2,2,5195,0.42724815011024475
ode_s0,test,0.2,2,5206,0.03240993991494179
ode_s0,test,0.2,2,5212,0.16773557662963867
ode_s0,test,0.2,2,5216,0.3472999036312103
ode_s0,test,0.2,2,5228,1.3375816345214844
ode_s0,test,0.2,2,5233,0.29300615191459656
ode_s0,test,0.2,2,5234,0.46921348571777344
ode_s0,test,0.2,2,6300,0.0427955724298954
ode_s0,test,0.2,2,6306,0.018857615068554878
ode_s0,test,0.2,2,6883,0.1964397430419922
ode_s0,test,0.4,0,5175,0.1175224781036377
ode_s0,test,0.4,0,5177,0.12079796940088272
ode_s0,test,0.4,0,5179,0.050780221819877625
ode_s0,test,0.4,0,5180,0.07583998143672943
ode_s0,test,0.4,0,5190,0.2195197343826294
ode_s0,test,0.4,0,5195,0.21912577748298645
ode_s0,test,0.4,0,5206,0.06526950746774673
ode_s0,test,0.4,0,5212,0.1667054295539856
ode_s0,test,0.4,0,5216,0.6344617605209351
ode_s0,test,0.4,0,5228,0.6520223617553711
ode_s0,test,0.4,0,5233,0.8429235816001892
ode_s0,test,0.4,0,5234,0.5593118071556091
ode_s0,test,0.4,0,6300,0.0871811956167221
ode_s0,test,0.4,0,6306,0.05514944717288017
ode_s0,test,0.4,0,6883,0.20158053934574127
ode_s0,test,0.4,1,5175,0.10216688364744186
ode_s0,test,0.4,1,5177,0.3532486855983734
ode_s0,test,0.4,1,5179,0.11160361021757126
ode_s0,test,0.4,1,5180,0.07093516737222672
ode_s0,test,0.4,1,5190,0.4684641659259796
ode_s0,test,0.4,1,5195,0.21422553062438965
ode_s0,test,0.4,1,5206,0.09121915698051453
ode_s0,test,0.4,1,5212,0.20459768176078796
ode_s0,test,0.4,1,5216,0.2550516128540039
ode_s0,test,0.4,1,5228,0.5751452445983887
ode_s0,test,0.4,1,5233,0.6467563509941101
ode_s0,test,0.4,1,5234,0.47812822461128235
ode_s0,test,0.4,1,6300,0.08194197714328766
ode_s0,test,0.4,1,6306,0.06615953892469406
ode_s0,test,0.4,1,6883,0.2035702019929886
ode_s0,test,0.4,2,5175,0.09909377247095108
ode_s0,test,0.4,2,5177,0.46624085307121277
ode_s0,test,0.4,2,5179,0.10725841671228409
ode_s0,test,0.4,2,5180,0.05663006380200386
ode_s0,test,0.4,2,5190,0.3978903293609619
ode_s0,test,0.4,2,5195,0.23613685369491577
ode_s0,test,0.4,2,5206,0.037104226648807526
ode_s0,test,0.4,2,5212,0.17068243026733398
ode_s0,test,0.4,2,5216,0.4685843586921692
ode_s0,test,0.4,2,5228,0.5968858003616333
ode_s0,test,0.4,2,5233,0.8681163787841797
ode_s0,test,0.4,2,5234,0.6517030000686646
ode_s0,test,0.4,2,6300,0.07033859938383102
ode_s0,test,0.4,2,6306,0.047856833785772324
ode_s0,test,0.4,2,6883,0.18510311841964722
ode_s0,test,0.6,0,5175,0.19844871759414673
ode_s0,test,0.6,0,5177,0.25045159459114075
ode_s0,test,0.6,0,5179,0.10455664992332458
ode_s0,test,0.6,0,5180,0.09027348458766937
ode_s0,test,0.6,0,5190,0.2879781723022461
ode_s0,test,0.6,0,5195,0.30461061000823975
ode_s0,test,0.6,0,5206,0.09069155156612396
ode_s0,test,0.6,0,5212,0.13333217799663544
ode_s0,test,0.6,0,5216,0.557486355304718
ode_s0,test,0.6,0,5228,0.6704301238059998
ode_s0,test,0.6,0,5233,0.7919943332672119
ode_s0,test,0.6,0,5234,0.5660485029220581
ode_s0,test,0.6,0,6300,0.05503006651997566
ode_s0,test,0.6,0,6306,0.0862763300538063
ode_s0,test,0.6,0,6883,0.19857987761497498
ode_s0,test,0.6,1,5175,0.17159868776798248
ode_s0,test,0.6,1,5177,0.2864592969417572
ode_s0,test,0.6,1,5179,0.06906930357217789
ode_s0,test,0.6,1,5180,0.08123134076595306
ode_s0,test,0.6,1,5190,0.21842177212238312
ode_s0,test,0.6,1,5195,0.2952151596546173
ode_s0,test,0.6,1,5206,0.07019771635532379
ode_s0,test,0.6,1,5212,0.10646967589855194
ode_s0,test,0.6,1,5216,0.27063456177711487
ode_s0,test,0.6,1,5228,0.6920205354690552
ode_s0,test,0.6,1,5233,0.8049547672271729
ode_s0,test,0.6,1,5234,0.6226255297660828
ode_s0,test,0.6,1,6300,0.046566568315029144
ode_s0,test,0.6,1,6306,0.07357630878686905
ode_s0,test,0.6,1,6883,0.19335715472698212
ode_s0,test,0.6,2,5175,0.14356309175491333
ode_s0,test,0.6,2,5177,0.37548014521598816
ode_s0,test,0.6,2,5179,0.11039579659700394
ode_s0,test,0.6,2,5180,0.09029548615217209
ode_s0,test,0.6,2,5190,0.35656073689460754
ode_s0,test,0.6,2,5195,0.32141298055648804
ode_s0,test,0.6,2,5206,0.07911859452724457
ode_s0,test,0.6,2,5212,0.1649325042963028
ode_s0,test,0.6,2,5216,0.30095475912094116
ode_s0,test,0.6,2,5228,0.9424969553947449
ode_s0,test,0.6,2,5233,0.6931185722351074
ode_s0,test,0.6,2,5234,0.7120993733406067
ode_s0,test,0.6,2,6300,0.06076516583561897
ode_s0,test,0.6,2,6306,0.0851270779967308
ode_s0,test,0.6,2,6883,0.1818224936723709
ode_s1,val,0.2,0,5176,0.03765936568379402
ode_s1,val,0.2,0,5185,0.026431430131196976
ode_s1,val,0.2,0,5199,0.04741887375712395
ode_s1,val,0.2,0,5215,0.16129326820373535
ode_s1,val,0.2,0,5217,0.1313599944114685
ode_s1,val,0.2,0,5221,0.1244037076830864
ode_s1,val,0.2,0,5222,0.23294202983379364
ode_s1,val,0.2,0,5227,0.4068027138710022
ode_s1,val,0.2,0,5232,0.08607140183448792
ode_s1,val,0.2,0,5236,0.2344425767660141
ode_s1,val,0.2,0,5243,0.22872716188430786
ode_s1,val,0.2,0,6917,0.09613746404647827
ode_s1,val,0.2,0,6922,0.12142965942621231
ode_s1,val,0.2,0,6923,0.01188984327018261
ode_s1,val,0.2,0,6924,0.04847654327750206
ode_s1,val,0.2,1,5176,0.05064330995082855
ode_s1,val,0.2,1,5185,0.022589892148971558
ode_s1,val,0.2,1,5199,0.0385027714073658
ode_s1,val,0.2,1,5215,0.23397064208984375
ode_s1,val,0.2,1,5217,0.012342410162091255
ode_s1,val,0.2,1,5221,0.14220453798770905
ode_s1,val,0.2,1,5222,0.2463732212781906
ode_s1,val,0.2,1,5227,0.22553783655166626
ode_s1,val,0.2,1,5232,0.07193629443645477
ode_s1,val,0.2,1,5236,0.3730587959289551
ode_s1,val,0.2,1,5243,0.06534498184919357
ode_s1,val,0.2,1,6917,0.04145371913909912
ode_s1,val,0.2,1,6922,0.12680184841156006
ode_s1,val,0.2,1,6923,0.019340701401233673
ode_s1,val,0.2,1,6924,0.060806937515735626
ode_s1,val,0.2,2,5176,0.019358906894922256
ode_s1,val,0.2,2,5185,0.029694726690649986
ode_s1,val,0.2,2,5199,0.04378034546971321
ode_s1,val,0.2,2,5215,0.11515083909034729
ode_s1,val,0.2,2,5217,0.13381020724773407
ode_s1,val,0.2,2,5221,0.17123685777187347
ode_s1,val,0.2,2,5222,0.24638406932353973
ode_s1,val,0.2,2,5227,0.11935531347990036
ode_s1,val,0.2,2,5232,0.14784055948257446
ode_s1,val,0.2,2,5236,0.5520906448364258
ode_s1,val,0.2,2,5243,0.1123088076710701
ode_s1,val,0.2,2,6917,0.2574772834777832
ode_s1,val,0.2,2,6922,0.04533382132649422
ode_s1,val,0.2,2,6923,0.02223135530948639
ode_s1,val,0.2,2,6924,0.08015905320644379
ode_s1,val,0.4,0,5176,0.04695573076605797
ode_s1,val,0.4,0,5185,0.037548452615737915
ode_s1,val,0.4,0,5199,0.062474992126226425
ode_s1,val,0.4,0,5215,0.14545492827892303
ode_s1,val,0.4,0,5217,0.11687463521957397
ode_s1,val,0.4,0,5221,0.36601340770721436
ode_s1,val,0.4,0,5222,0.15301908552646637
ode_s1,val,0.4,0,5227,0.33060982823371887
ode_s1,val,0.4,0,5232,0.1697283536195755
ode_s1,val,0.4,0,5236,0.22476668655872345
ode_s1,val,0.4,0,5243,0.24775570631027222
ode_s1,val,0.4,0,6917,0.1524413675069809
ode_s1,val,0.4,0,6922,0.07601384073495865
ode_s1,val,0.4,0,6923,0.017062200233340263
ode_s1,val,0.4,0,6924,0.030365727841854095
ode_s1,val,0.4,1,5176,0.03499453887343407
ode_s1,val,0.4,1,5185,0.027503959834575653
ode_s1,val,0.4,1,5199,0.06008411571383476
ode_s1,val,0.4,1,5215,0.1455189436674118
ode_s1,val,0.4,1,5217,0.065045565366745
ode_s1,val,0.4,1,5221,0.2379550188779831
ode_s1,val,0.4,1,5222,0.19042500853538513
ode_s1,val,0.4,1,5227,0.43091461062431335
ode_s1,val,0.4,1,5232,0.12128765136003494
ode_s1,val,0.4,1,5236,0.14493505656719208
ode_s1,val,0.4,1,5243,0.29771173000335693
ode_s1,val,0.4,1,6917,0.13698598742485046
ode_s1,val,0.4,1,6922,0.059426579624414444
ode_s1,val,0.4,1,6923,0.021506136283278465
ode_s1,val,0.4,1,6924,0.0386793278157711
ode_s1,val,0.4,2,5176,0.04355119913816452
ode_s1,val,0.4,2,5185,0.020222771912813187
ode_s1,val,0.4,2,5199,0.038198795169591904
ode_s1,val,0.4,2,5215,0.13648737967014313
ode_s1,val,0.4,2,5217,0.08408268541097641
ode_s1,val,0.4,2,5221,0.1664486676454544
ode_s1,val,0.4,2,5222,0.18269726634025574
ode_s1,val,0.4,2,5227,0.10621225833892822
ode_s1,val,0.4,2,5232,0.18182821571826935
ode_s1,val,0.4,2,5236,0.48004958033561707
ode_s1,val,0.4,2,5243,0.2744913101196289
ode_s1,val,0.4,2,6917,0.11893504858016968
ode_s1,val,0.4,2,6922,0.09714372456073761
ode_s1,val,0.4,2,6923,0.01952296867966652
ode_s1,val,0.4,2,6924,0.040205106139183044
ode_s1,val,0.6,0,5176,0.02492363564670086
ode_s1,val,0.6,0,5185,0.03598209097981453
ode_s1,val,0.6,0,5199,0.05875302851200104
ode_s1,val,0.6,0,5215,0.12592093646526337
ode_s1,val,0.6,0,5217,0.10013929009437561
ode_s1,val,0.6,0,5221,0.218119278550148
ode_s1,val,0.6,0,5222,0.2951255738735199
ode_s1,val,0.6,0,5227,0.3594171702861786
ode_s1,val,0.6,0,5232,0.17129532992839813
ode_s1,val,0.6,0,5236,0.3973633348941803
ode_s1,val,0.6,0,5243,0.27454888820648193
ode_s1,val,0.6,0,6917,0.20159666240215302
ode_s1,val,0.6,0,6922,0.07448688894510269
ode_s1,val,0.6,0,6923,0.02189726009964943
ode_s1,val,0.6,0,6924,0.0781669169664383
ode_s1,val,0.6,1,5176,0.040481895208358765
ode_s1,val,0.6,1,5185,0.0298980213701725
ode_s1,val,0.6,1,5199,0.06146873161196709
ode_s1,val,0.6,1,5215,0.13616278767585754
ode_s1,val,0.6,1,5217,0.09860095381736755
ode_s1,val,0.6,1,5221,0.2630285918712616
ode_s1,val,0.6,1,5222,0.18593983352184296
ode_s1,val,0.6,1,5227,0.36334875226020813
ode_s1,val,0.6,1,5232,0.16043037176132202
ode_s1,val,0.6,1,5236,0.353900671005249
ode_s1,val,0.6,1,5243,0.1726311892271042
ode_s1,val,0.6,1,6917,0.16434986889362335
ode_s1,val,0.6,1,6922,0.0757305920124054
ode_s1,val,0.6,1,6923,0.028750328347086906
ode_s1,val,0.6,1,6924,0.05786868557333946
ode_s1,val,0.6,2,5176,0.04016414284706116
ode_s1,val,0.6,2,5185,0.043770305812358856
ode_s1,val,0.6,2,5199,0.06883148103952408
ode_s1,val,0.6,2,5215,0.13810859620571136
ode_s1,val,0.6,2,5217,0.08529357612133026
ode_s1,val,0.6,2,5221,0.24965141713619232
ode_s1,val,0.6,2,5222,0.1730746626853943
ode_s1,val,0.6,2,5227,0.32419323921203613
ode_s1,val,0.6,2,5232,0.1487770825624466
ode_s1,val,0.6,2,5236,0.3251936137676239
ode_s1,val,0.6,2,5243,0.3569659888744354
ode_s1,val,0.6,2,6917,0.13088040053844452
ode_s1,val,0.6,2,6922,0.046453531831502914
ode_s1,val,0.6,2,6923,0.020901532843708992
ode_s1,val,0.6,2,6924,0.11207795888185501
ode_s1,test,0.2,0,5175,0.04367932677268982
ode_s1,test,0.2,0,5177,0.20432858169078827
ode_s1,test,0.2,0,5179,0.023591753095388412
ode_s1,test,0.2,0,5180,0.060907017439603806
ode_s1,test,0.2,0,5190,0.396194189786911
ode_s1,test,0.2,0,5195,0.15733152627944946
ode_s1,test,0.2,0,5206,0.04756980761885643
ode_s1,test,0.2,0,5212,0.077448271214962
ode_s1,test,0.2,0,5216,0.12953613698482513
ode_s1,test,0.2,0,5228,0.6659959554672241
ode_s1,test,0.2,0,5233,0.27152198553085327
ode_s1,test,0.2,0,5234,0.06653471291065216
ode_s1,test,0.2,0,6300,0.025032004341483116
ode_s1,test,0.2,0,6306,0.05622303485870361
ode_s1,test,0.2,0,6883,0.34895384311676025
ode_s1,test,0.2,1,5175,0.08785655349493027
ode_s1,test,0.2,1,5177,0.2676222622394562
ode_s1,test,0.2,1,5179,0.04878672957420349
ode_s1,test,0.2,1,5180,0.02440098486840725
ode_s1,test,0.2,1,5190,0.20032672584056854
ode_s1,test,0.2,1,5195,0.1311296969652176
ode_s1,test,0.2,1,5206,0.049666162580251694
ode_s1,test,0.2,1,5212,0.025044437497854233
ode_s1,test,0.2,1,5216,0.35633400082588196
ode_s1,test,0.2,1,5228,0.17597846686840057
ode_s1,test,0.2,1,5233,0.5729002356529236
ode_s1,test,0.2,1,5234,0.4101942479610443
ode_s1,test,0.2,1,6300,0.036742351949214935
ode_s1,test,0.2,1,6306,0.08565139025449753
ode_s1,test,0.2,1,6883,0.4520876407623291
ode_s1,test,0.2,2,5175,0.069454625248909
ode_s1,test,0.2,2,5177,0.28824383020401
ode_s1,test,0.2,2,5179,0.06847405433654785
ode_s1,test,0.2,2,5180,0.036714691668748856
ode_s1,test,0.2,2,5190,0.35496729612350464
ode_s1,test,0.2,2,5195,0.24170038104057312
ode_s1,test,0.2,2,5206,0.05884141847491264
ode_s1,test,0.2,2,5212,0.07178135216236115
ode_s1,test,0.2,2,5216,0.215484619140625
ode_s1,test,0.2,2,5228,0.9897414445877075
ode_s1,test,0.2,2,5233,0.1867893785238266
ode_s1,test,0.2,2,5234,0.3162032663822174
ode_s1,test,0.2,2,6300,0.02711186185479164
ode_s1,test,0.2,2,6306,0.042124710977077484
ode_s1,test,0.2,2,6883,0.37385979294776917
ode_s1,test,0.4,0,5175,0.06783277541399002
ode_s1,test,0.4,0,5177,0.07373271137475967
ode_s1,test,0.4,0,5179,0.037588249891996384
ode_s1,test,0.4,0,5180,0.03009224496781826
ode_s1,test,0.4,0,5190,0.145281121134758
ode_s1,test,0.4,0,5195,0.12324364483356476
ode_s1,test,0.4,0,5206,0.05772298574447632
ode_s1,test,0.4,0,5212,0.0727313682436943
ode_s1,test,0.4,0,5216,0.43551796674728394
ode_s1,test,0.4,0,5228,0.4453265964984894
ode_s1,test,0.4,0,5233,0.5800304412841797
ode_s1,test,0.4,0,5234,0.39405378699302673
ode_s1,test,0.4,0,6300,0.038717545568943024
ode_s1,test,0.4,0,6306,0.04795677959918976
ode_s1,test,0.4,0,6883,0.3838440179824829
ode_s1,test,0.4,1,5175,0.05835309997200966
ode_s1,test,0.4,1,5177,0.21666598320007324
ode_s1,test,0.4,1,5179,0.06370221078395844
ode_s1,test,0.4,1,5180,0.027615826576948166
ode_s1,test,0.4,1,5190,0.322944700717926
ode_s1,test,0.4,1,5195,0.1270524114370346
ode_s1,test,0.4,1,5206,0.0495900996029377
ode_s1,test,0.4,1,5212,0.09050636738538742
ode_s1,test,0.4,1,5216,0.1684563010931015
ode_s1,test,0.4,1,5228,0.39434781670570374
ode_s1,test,0.4,1,5233,0.43007779121398926
ode_s1,test,0.4,1,5234,0.3314562141895294
ode_s1,test,0.4,1,6300,0.03974262252449989
ode_s1,test,0.4,1,6306,0.04798051714897156
ode_s1,test,0.4,1,6883,0.37009865045547485
ode_s1,test,0.4,2,5175,0.0531323067843914
ode_s1,test,0.4,2,5177,0.28243279457092285
ode_s1,test,0.4,2,5179,0.06519922614097595
ode_s1,test,0.4,2,5180,0.023053305223584175
ode_s1,test,0.4,2,5190,0.26822635531425476
ode_s1,test,0.4,2,5195,0.14325205981731415
ode_s1,test,0.4,2,5206,0.03246689960360527
ode_s1,test,0.4,2,5212,0.07772721350193024
ode_s1,test,0.4,2,5216,0.32556867599487305
ode_s1,test,0.4,2,5228,0.41078826785087585
ode_s1,test,0.4,2,5233,0.6186281442642212
ode_s1,test,0.4,2,5234,0.45240259170532227
ode_s1,test,0.4,2,6300,0.02889813669025898
ode_s1,test,0.4,2,6306,0.03828950598835945
ode_s1,test,0.4,2,6883,0.35094308853149414
ode_s1,test,0.6,0,5175,0.12105077505111694
ode_s1,test,0.6,0,5177,0.15669015049934387
ode_s1,test,0.6,0,5179,0.06907979398965836
ode_s1,test,0.6,0,5180,0.033676471561193466
ode_s1,test,0.6,0,5190,0.19973164796829224
ode_s1,test,0.6,0,5195,0.18077127635478973
ode_s1,test,0.6,0,5206,0.05098630115389824
ode_s1,test,0.6,0,5212,0.05791435390710831
ode_s1,test,0.6,0,5216,0.3893052041530609
ode_s1,test,0.6,0,5228,0.46794140338897705
ode_s1,test,0.6,0,5233,0.5336401462554932
ode_s1,test,0.6,0,5234,0.3900141417980194
ode_s1,test,0.6,0,6300,0.029643381014466286
ode_s1,test,0.6,0,6306,0.06398037821054459
ode_s1,test,0.6,0,6883,0.3711887300014496
ode_s1,test,0.6,1,5175,0.10550637543201447
ode_s1,test,0.6,1,5177,0.17205192148685455
ode_s1,test,0.6,1,5179,0.048508621752262115
ode_s1,test,0.6,1,5180,0.032465122640132904
ode_s1,test,0.6,1,5190,0.14842469990253448
ode_s1,test,0.6,1,5195,0.16824069619178772
ode_s1,test,0.6,1,5206,0.04434826225042343
ode_s1,test,0.6,1,5212,0.04585987702012062
ode_s1,test,0.6,1,5216,0.19047348201274872
ode_s1,test,0.6,1,5228,0.48393917083740234
ode_s1,test,0.6,1,5233,0.5566174983978271
ode_s1,test,0.6,1,5234,0.43844860792160034
ode_s1,test,0.6,1,6300,0.030003653839230537
ode_s1,test,0.6,1,6306,0.048708945512771606
ode_s1,test,0.6,1,6883,0.36366134881973267
ode_s1,test,0.6,2,5175,0.0820298045873642
ode_s1,test,0.6,2,5177,0.2286764532327652
ode_s1,test,0.6,2,5179,0.0575404018163681
ode_s1,test,0.6,2,5180,0.03610960394144058
ode_s1,test,0.6,2,5190,0.24283915758132935
ode_s1,test,0.6,2,5195,0.18190118670463562
ode_s1,test,0.6,2,5206,0.03839564323425293
ode_s1,test,0.6,2,5212,0.07482997328042984
ode_s1,test,0.6,2,5216,0.2082478404045105
ode_s1,test,0.6,2,5228,0.671868085861206
ode_s1,test,0.6,2,5233,0.4656752049922943
ode_s1,test,0.6,2,5234,0.4972943961620331
ode_s1,test,0.6,2,6300,0.04352627694606781
ode_s1,test,0.6,2,6306,0.052099719643592834
ode_s1,test,0.6,2,6883,0.34627076983451843
ode_s2,val,0.2,0,5176,0.10858714580535889
ode_s2,val,0.2,0,5185,0.030401794239878654
ode_s2,val,0.2,0,5199,0.033033549785614014
ode_s2,val,0.2,0,5215,0.037881601601839066
ode_s2,val,0.2,0,5217,0.36132967472076416
ode_s2,val,0.2,0,5221,0.2544752359390259
ode_s2,val,0.2,0,5222,0.07051584869623184
ode_s2,val,0.2,0,5227,0.7777478098869324
ode_s2,val,0.2,0,5232,0.16344839334487915
ode_s2,val,0.2,0,5236,0.414785236120224
ode_s2,val,0.2,0,5243,0.44542843103408813
ode_s2,val,0.2,0,6917,0.03013414517045021
ode_s2,val,0.2,0,6922,0.23383092880249023
ode_s2,val,0.2,0,6923,0.03777556121349335
ode_s2,val,0.2,0,6924,0.14682675898075104
ode_s2,val,0.2,1,5176,0.14472387731075287
ode_s2,val,0.2,1,5185,0.0163755901157856
ode_s2,val,0.2,1,5199,0.052759069949388504
ode_s2,val,0.2,1,5215,0.029491135850548744
ode_s2,val,0.2,1,5217,0.02325047366321087
ode_s2,val,0.2,1,5221,0.2492765486240387
ode_s2,val,0.2,1,5222,0.06375237554311752
ode_s2,val,0.2,1,5227,0.544437825679779
ode_s2,val,0.2,1,5232,0.13604871928691864
ode_s2,val,0.2,1,5236,0.6602555513381958
ode_s2,val,0.2,1,5243,0.14125874638557434
ode_s2,val,0.2,1,6917,0.012249311432242393
ode_s2,val,0.2,1,6922,0.29437607526779175
ode_s2,val,0.2,1,6923,0.05131182447075844
ode_s2,val,0.2,1,6924,0.16431081295013428
ode_s2,val,0.2,2,5176,0.009493171237409115
ode_s2,val,0.2,2,5185,0.014846664853394032
ode_s2,val,0.2,2,5199,0.06482946127653122
ode_s2,val,0.2,2,5215,0.02215404249727726
ode_s2,val,0.2,2,5217,0.3531367778778076
ode_s2,val,0.2,2,5221,0.2734944224357605
ode_s2,val,0.2,2,5222,0.08107326924800873
ode_s2,val,0.2,2,5227,0.2847931385040283
ode_s2,val,0.2,2,5232,0.2765921652317047
ode_s2,val,0.2,2,5236,0.8481788635253906
ode_s2,val,0.2,2,5243,0.25150755047798157
ode_s2,val,0.2,2,6917,0.05239030718803406
ode_s2,val,0.2,2,6922,0.030710335820913315
ode_s2,val,0.2,2,6923,0.037871718406677246
ode_s2,val,0.2,2,6924,0.14820551872253418
ode_s2,val,0.4,0,5176,0.13482797145843506
ode_s2,val,0.4,0,5185,0.05929826572537422
ode_s2,val,0.4,0,5199,0.08658228069543839
ode_s2,val,0.4,0,5215,0.026659032329916954
ode_s2,val,0.4,0,5217,0.31493300199508667
ode_s2,val,0.4,0,5221,0.6441751718521118
ode_s2,val,0.4,0,5222,0.0475405789911747
ode_s2,val,0.4,0,5227,0.6190917491912842
ode_s2,val,0.4,0,5232,0.32557761669158936
ode_s2,val,0.4,0,5236,0.3846181333065033
ode_s2,val,0.4,0,5243,0.5036576986312866
ode_s2,val,0.4,0,6917,0.030793575569987297
ode_s2,val,0.4,0,6922,0.17622987926006317
ode_s2,val,0.4,0,6923,0.0447998084127903
ode_s2,val,0.4,0,6924,0.06449155509471893
ode_s2,val,0.4,1,5176,0.06393852084875107
ode_s2,val,0.4,1,5185,0.04239311441779137
ode_s2,val,0.4,1,5199,0.046674344688653946
ode_s2,val,0.4,1,5215,0.0249063391238451
ode_s2,val,0.4,1,5217,0.16026806831359863
ode_s2,val,0.4,1,5221,0.432582825422287
ode_s2,val,0.4,1,5222,0.054164063185453415
ode_s2,val,0.4,1,5227,0.8474439978599548
ode_s2,val,0.4,1,5232,0.2674902677536011
ode_s2,val,0.4,1,5236,0.25974124670028687
ode_s2,val,0.4,1,5243,0.5786745548248291
ode_s2,val,0.4,1,6917,0.032456886023283005
ode_s2,val,0.4,1,6922,0.06806205213069916
ode_s2,val,0.4,1,6923,0.06233678758144379
ode_s2,val,0.4,1,6924,0.0974721759557724
ode_s2,val,0.4,2,5176,0.11849859356880188
ode_s2,val,0.4,2,5185,0.03444612771272659
ode_s2,val,0.4,2,5199,0.042812708765268326
ode_s2,val,0.4,2,5215,0.022477399557828903
ode_s2,val,0.4,2,5217,0.20988574624061584
ode_s2,val,0.4,2,5221,0.314872682094574
ode_s2,val,0.4,2,5222,0.06174450367689133
ode_s2,val,0.4,2,5227,0.25269728899002075
ode_s2,val,0.4,2,5232,0.3641531467437744
ode_s2,val,0.4,2,5236,0.7797679901123047
ode_s2,val,0.4,2,5243,0.5584151744842529
ode_s2,val,0.4,2,6917,0.03352508693933487
ode_s2,val,0.4,2,6922,0.24908879399299622
ode_s2,val,0.4,2,6923,0.03602628782391548
ode_s2,val,0.4,2,6924,0.1085783913731575
ode_s2,val,0.6,0,5176,0.06776644289493561
ode_s2,val,0.6,0,5185,0.03523089736700058
ode_s2,val,0.6,0,5199,0.09827637672424316
ode_s2,val,0.6,0,5215,0.025859946385025978
ode_s2,val,0.6,0,5217,0.2481592893600464
ode_s2,val,0.6,0,5221,0.39674097299575806
ode_s2,val,0.6,0,5222,0.09308699518442154
ode_s2,val,0.6,0,5227,0.696719765663147
ode_s2,val,0.6,0,5232,0.35163360834121704
ode_s2,val,0.6,0,5236,0.6518855690956116
ode_s2,val,0.6,0,5243,0.5457512736320496
ode_s2,val,0.6,0,6917,0.044583920389413834
ode_s2,val,0.6,0,6922,0.16757076978683472
ode_s2,val,0.6,0,6923,0.04179283231496811
ode_s2,val,0.6,0,6924,0.1611773669719696
ode_s2,val,0.6,1,5176,0.10729378461837769
ode_s2,val,0.6,1,5185,0.0379021018743515
ode_s2,val,0.6,1,5199,0.07653053104877472
ode_s2,val,0.6,1,5215,0.027493273839354515
ode_s2,val,0.6,1,5217,0.25883814692497253
ode_s2,val,0.6,1,5221,0.4796905517578125
ode_s2,val,0.6,1,5222,0.053899895399808884
ode_s2,val,0.6,1,5227,0.7280802130699158
ode_s2,val,0.6,1,5232,0.3299209475517273
ode_s2,val,0.6,1,5236,0.5892543196678162
ode_s2,val,0.6,1,5243,0.3662780225276947
ode_s2,val,0.6,1,6917,0.036449797451496124
ode_s2,val,0.6,1,6922,0.11962265521287918
ode_s2,val,0.6,1,6923,0.05518883094191551
ode_s2,val,0.6,1,6924,0.14006617665290833
ode_s2,val,0.6,2,5176,0.13468073308467865
ode_s2,val,0.6,2,5185,0.059864602982997894
ode_s2,val,0.6,2,5199,0.08322706818580627
ode_s2,val,0.6,2,5215,0.030766809359192848
ode_s2,val,0.6,2,5217,0.26043936610221863
ode_s2,val,0.6,2,5221,0.4473165273666382
ode_s2,val,0.6,2,5222,0.053455792367458344
ode_s2,val,0.6,2,5227,0.6122044324874878
ode_s2,val,0.6,2,5232,0.29185476899147034
ode_s2,val,0.6,2,5236,0.5494668483734131
ode_s2,val,0.6,2,5243,0.7075715065002441
ode_s2,val,0.6,2,6917,0.0327841080725193
ode_s2,val,0.6,2,6922,0.056493598967790604
ode_s2,val,0.6,2,6923,0.06013476848602295
ode_s2,val,0.6,2,6924,0.26027706265449524
ode_s2,test,0.2,0,5175,0.0670352503657341
ode_s2,test,0.2,0,5177,0.41863179206848145
ode_s2,test,0.2,0,5179,0.055882327258586884
ode_s2,test,0.2,0,5180,0.19119423627853394
ode_s2,test,0.2,0,5190,0.6694772243499756
ode_s2,test,0.2,0,5195,0.3546975255012512
ode_s2,test,0.2,0,5206,0.1458381563425064
ode_s2,test,0.2,0,5212,0.215488463640213
ode_s2,test,0.2,0,5216,0.22555950284004211
ode_s2,test,0.2,0,5228,1.1398382186889648
ode_s2,test,0.2,0,5233,0.5159414410591125
ode_s2,test,0.2,0,5234,0.1287890523672104
ode_s2,test,0.2,0,6300,0.0917453020811081
ode_s2,test,0.2,0,6306,0.15125826001167297
ode_s2,test,0.2,0,6883,0.1219681054353714
ode_s2,test,0.2,1,5175,0.1998378038406372
ode_s2,test,0.2,1,5177,0.5452883839607239
ode_s2,test,0.2,1,5179,0.0782339870929718
ode_s2,test,0.2,1,5180,0.07531511038541794
ode_s2,test,0.2,1,5190,0.37197574973106384
ode_s2,test,0.2,1,5195,0.2872130870819092
ode_s2,test,0.2,1,5206,0.05856344848871231
ode_s2,test,0.2,1,5212,0.06678891181945801
ode_s2,test,0.2,1,5216,0.6487091183662415
ode_s2,test,0.2,1,5228,0.3359522521495819
ode_s2,test,0.2,1,5233,0.9526157975196838
ode_s2,test,0.2,1,5234,0.6703657507896423
ode_s2,test,0.2,1,6300,0.11826066672801971
ode_s2,test,0.2,1,6306,0.19086913764476776
ode_s2,test,0.2,1,6883,0.15964971482753754
ode_s2,test,0.2,2,5175,0.14651228487491608
ode_s2,test,0.2,2,5177,0.5925290584564209
ode_s2,test,0.2,2,5179,0.12859466671943665
ode_s2,test,0.2,2,5180,0.14216122031211853
ode_s2,test,0.2,2,5190,0.6073949933052063
ode_s2,test,0.2,2,5195,0.5814143419265747
ode_s2,test,0.2,2,5206,0.040292348712682724
ode_s2,test,0.2,2,5212,0.20260663330554962
ode_s2,test,0.2,2,5216,0.41752439737319946
ode_s2,test,0.2,2,5228,1.5321791172027588
ode_s2,test,0.2,2,5233,0.3579378128051758
ode_s2,test,0.2,2,5234,0.5487031936645508
ode_s2,test,0.2,2,6300,0.060863249003887177
ode_s2,test,0.2,2,6306,0.023872189223766327
ode_s2,test,0.2,2,6883,0.1299734115600586
ode_s2,test,0.4,0,5175,0.1596187949180603
ode_s2,test,0.4,0,5177,0.15418820083141327
ode_s2,test,0.4,0,5179,0.06347902119159698
ode_s2,test,0.4,0,5180,0.11023921519517899
ode_s2,test,0.4,0,5190,0.26256367564201355
ode_s2,test,0.4,0,5195,0.30217790603637695
ode_s2,test,0.4,0,5206,0.09427662938833237
ode_s2,test,0.4,0,5212,0.19824393093585968
ode_s2,test,0.4,0,5216,0.7352452874183655
ode_s2,test,0.4,0,5228,0.7745099663734436
ode_s2,test,0.4,0,5233,0.9929578900337219
ode_s2,test,0.4,0,5234,0.6439586281776428
ode_s2,test,0.4,0,6300,0.12284936010837555
ode_s2,test,0.4,0,6306,0.08141122758388519
ode_s2,test,0.4,0,6883,0.13346639275550842
ode_s2,test,0.4,1,5175,0.13989174365997314
ode_s2,test,0.4,1,5177,0.43338268995285034
ode_s2,test,0.4,1,5179,0.14431831240653992
ode_s2,test,0.4,1,5180,0.10536536574363708
ode_s2,test,0.4,1,5190,0.5439027547836304
ode_s2,test,0.4,1,5195,0.2880442142486572
ode_s2,test,0.4,1,5206,0.13808682560920715
ode_s2,test,0.4,1,5212,0.24248449504375458
ode_s2,test,0.4,1,5216,0.30500325560569763
ode_s2,test,0.4,1,5228,0.682071328163147
ode_s2,test,0.4,1,5233,0.7745219469070435
ode_s2,test,0.4,1,5234,0.5538138151168823
ode_s2,test,0.4,1,6300,0.11432003229856491
ode_s2,test,0.4,1,6306,0.09933537989854813
ode_s2,test,0.4,1,6883,0.14091086387634277
ode_s2,test,0.4,2,5175,0.13754954934120178
ode_s2,test,0.4,2,5177,0.5730903744697571
ode_s2,test,0.4,2,5179,0.1368665248155594
ode_s2,test,0.4,2,5180,0.08328019082546234
ode_s2,test,0.4,2,5190,0.46639490127563477
ode_s2,test,0.4,2,5195,0.31571123003959656
ode_s2,test,0.4,2,5206,0.05634155124425888
ode_s2,test,0.4,2,5212,0.20630709826946259
ode_s2,test,0.4,2,5216,0.5447555780410767
ode_s2,test,0.4,2,5228,0.7061449289321899
ode_s2,test,0.4,2,5233,1.0119646787643433
ode_s2,test,0.4,2,5234,0.7535151243209839
ode_s2,test,0.4,2,6300,0.10656840354204178
ode_s2,test,0.4,2,6306,0.07252884656190872
ode_s2,test,0.4,2,6883,0.12382159382104874
ode_s2,test,0.6,0,5175,0.2602955102920532
ode_s2,test,0.6,0,5177,0.30839914083480835
ode_s2,test,0.6,0,5179,0.13122861087322235
ode_s2,test,0.6,0,5180,0.13235917687416077
ode_s2,test,0.6,0,5190,0.3373275399208069
ode_s2,test,0.6,0,5195,0.407626211643219
ode_s2,test,0.6,0,5206,0.13500581681728363
ode_s2,test,0.6,0,5212,0.1589536964893341
ode_s2,test,0.6,0,5216,0.6445831060409546
ode_s2,test,0.6,0,5228,0.7887169718742371
ode_s2,test,0.6,0,5233,0.9425702095031738
ode_s2,test,0.6,0,5234,0.6562216877937317
ode_s2,test,0.6,0,6300,0.07942613214254379
ode_s2,test,0.6,0,6306,0.12176815420389175
ode_s2,test,0.6,0,6883,0.13420575857162476
ode_s2,test,0.6,1,5175,0.22437220811843872
ode_s2,test,0.6,1,5177,0.3563445806503296
ode_s2,test,0.6,1,5179,0.0874989703297615
ode_s2,test,0.6,1,5180,0.11801610887050629
ode_s2,test,0.6,1,5190,0.2581598460674286
ode_s2,test,0.6,1,5195,0.3989788591861725
ode_s2,test,0.6,1,5206,0.10695843398571014
ode_s2,test,0.6,1,5212,0.12795768678188324
ode_s2,test,0.6,1,5216,0.3195131719112396
ode_s2,test,0.6,1,5228,0.8135919570922852
ode_s2,test,0.6,1,5233,0.9547184705734253
ode_s2,test,0.6,1,5234,0.7165631055831909
ode_s2,test,0.6,1,6300,0.06848027557134628
ode_s2,test,0.6,1,6306,0.10899411886930466
ode_s2,test,0.6,1,6883,0.1307416707277298
ode_s2,test,0.6,2,5175,0.19124263525009155
ode_s2,test,0.6,2,5177,0.4623522460460663
ode_s2,test,0.6,2,5179,0.14594857394695282
ode_s2,test,0.6,2,5180,0.1297978311777115
ode_s2,test,0.6,2,5190,0.41785699129104614
ode_s2,test,0.6,2,5195,0.43194371461868286
ode_s2,test,0.6,2,5206,0.11538510769605637
ode_s2,test,0.6,2,5212,0.1996327042579651
ode_s2,test,0.6,2,5216,0.3561284840106964
ode_s2,test,0.6,2,5228,1.0987129211425781
ode_s2,test,0.6,2,5233,0.8294650316238403
ode_s2,test,0.6,2,5234,0.8215996026992798
ode_s2,test,0.6,2,6300,0.09085935354232788
ode_s2,test,0.6,2,6306,0.12356527894735336
ode_s2,test,0.6,2,6883,0.12247660756111145
ode_s3,val,0.2,0,5176,0.042838115245103836
ode_s3,val,0.2,0,5185,0.017445066943764687
ode_s3,val,0.2,0,5199,0.03594944626092911
ode_s3,val,0.2,0,5215,0.11106941103935242
ode_s3,val,0.2,0,5217,0.17732559144496918
ode_s3,val,0.2,0,5221,0.15162059664726257
ode_s3,val,0.2,0,5222,0.1813475489616394
ode_s3,val,0.2,0,5227,0.4635922908782959
ode_s3,val,0.2,0,5232,0.0983920469880104
ode_s3,val,0.2,0,5236,0.26754313707351685
ode_s3,val,0.2,0,5243,0.27299875020980835
ode_s3,val,0.2,0,6917,0.0751049816608429
ode_s3,val,0.2,0,6922,0.132724329829216
ode_s3,val,0.2,0,6923,0.009121466428041458
ode_s3,val,0.2,0,6924,0.0616610124707222
ode_s3,val,0.2,1,5176,0.061623409390449524
ode_s3,val,0.2,1,5185,0.015607781708240509
ode_s3,val,0.2,1,5199,0.0349116325378418
ode_s3,val,0.2,1,5215,0.146004319190979
ode_s3,val,0.2,1,5217,0.011183547787368298
ode_s3,val,0.2,1,5221,0.16733258962631226
ode_s3,val,0.2,1,5222,0.18764901161193848
ode_s3,val,0.2,1,5227,0.28320208191871643
ode_s3,val,0.2,1,5232,0.0815160721540451
ode_s3,val,0.2,1,5236,0.42666593194007874
ode_s3,val,0.2,1,5243,0.07887491583824158
ode_s3,val,0.2,1,6917,0.03198078274726868
ode_s3,val,0.2,1,6922,0.1413440853357315
ode_s3,val,0.2,1,6923,0.016921935603022575
ode_s3,val,0.2,1,6924,0.07669983059167862
ode_s3,val,0.2,2,5176,0.012650171294808388
ode_s3,val,0.2,2,5185,0.021738175302743912
ode_s3,val,0.2,2,5199,0.04024316743016243
ode_s3,val,0.2,2,5215,0.07622300833463669
ode_s3,val,0.2,2,5217,0.17697621881961823
ode_s3,val,0.2,2,5221,0.19324207305908203
ode_s3,val,0.2,2,5222,0.19386538863182068
ode_s3,val,0.2,2,5227,0.1422584503889084
ode_s3,val,0.2,2,5232,0.17053380608558655
ode_s3,val,0.2,2,5236,0.6078205704689026
ode_s3,val,0.2,2,5243,0.13995768129825592
ode_s3,val,0.2,2,6917,0.19115066528320312
ode_s3,val,0.2,2,6922,0.04060959815979004
ode_s3,val,0.2,2,6923,0.014894076623022556
ode_s3,val,0.2,2,6924,0.08981533348560333
ode_s3,val,0.4,0,5176,0.057108473032712936
ode_s3,val,0.4,0,5185,0.03226836025714874
ode_s3,val,0.4,0,5199,0.057327818125486374
ode_s3,val,0.4,0,5215,0.09664405882358551
ode_s3,val,0.4,0,5217,0.1545718014240265
ode_s3,val,0.4,0,5221,0.4258265197277069
ode_s3,val,0.4,0,5222,0.11969113349914551
ode_s3,val,0.4,0,5227,0.3744542896747589
ode_s3,val,0.4,0,5232,0.19408302009105682
ode_s3,val,0.4,0,5236,0.2541884481906891
ode_s3,val,0.4,0,5243,0.3018425405025482
ode_s3,val,0.4,0,6917,0.11273153126239777
ode_s3,val,0.4,0,6922,0.08449392765760422
ode_s3,val,0.4,0,6923,0.012052154168486595
ode_s3,val,0.4,0,6924,0.03226564824581146
ode_s3,val,0.4,1,5176,0.03345295414328575
ode_s3,val,0.4,1,5185,0.023030994459986687
ode_s3,val,0.4,1,5199,0.048798806965351105
ode_s3,val,0.4,1,5215,0.09132152050733566
ode_s3,val,0.4,1,5217,0.08097204566001892
ode_s3,val,0.4,1,5221,0.2782514691352844
ode_s3,val,0.4,1,5222,0.14685511589050293
ode_s3,val,0.4,1,5227,0.5213603377342224
ode_s3,val,0.4,1,5232,0.14662733674049377
ode_s3,val,0.4,1,5236,0.16575469076633453
ode_s3,val,0.4,1,5243,0.3556402623653412
ode_s3,val,0.4,1,6917,0.10116894543170929
ode_s3,val,0.4,1,6922,0.05634887516498566
ode_s3,val,0.4,1,6923,0.018453845754265785
ode_s3,val,0.4,1,6924,0.04657643660902977
ode_s3,val,0.4,2,5176,0.05199222266674042
ode_s3,val,0.4,2,5185,0.014919058419764042
ode_s3,val,0.4,2,5199,0.030922913923859596
ode_s3,val,0.4,2,5215,0.08880946785211563
ode_s3,val,0.4,2,5217,0.10896816849708557
ode_s3,val,0.4,2,5221,0.19699686765670776
ode_s3,val,0.4,2,5222,0.14984740316867828
ode_s3,val,0.4,2,5227,0.12562474608421326
ode_s3,val,0.4,2,5232,0.21222862601280212
ode_s3,val,0.4,2,5236,0.5360404849052429
ode_s3,val,0.4,2,5243,0.33349427580833435
ode_s3,val,0.4,2,6917,0.0915815457701683
ode_s3,val,0.4,2,6922,0.11918970197439194
ode_s3,val,0.4,2,6923,0.013105349615216255
ode_s3,val,0.4,2,6924,0.04923073202371597
ode_s3,val,0.6,0,5176,0.02639337256550789
ode_s3,val,0.6,0,5185,0.027725424617528915
ode_s3,val,0.6,0,5199,0.05599645525217056
ode_s3,val,0.6,0,5215,0.08358107507228851
ode_s3,val,0.6,0,5217,0.12823547422885895
ode_s3,val,0.6,0,5221,0.25679469108581543
ode_s3,val,0.6,0,5222,0.23772357404232025
ode_s3,val,0.6,0,5227,0.4281315207481384
ode_s3,val,0.6,0,5232,0.20341365039348602
ode_s3,val,0.6,0,5236,0.44547462463378906
ode_s3,val,0.6,0,5243,0.3313162326812744
ode_s3,val,0.6,0,6917,0.14847970008850098
ode_s3,val,0.6,0,6922,0.08445709198713303
ode_s3,val,0.6,0,6923,0.015237132087349892
ode_s3,val,0.6,0,6924,0.09001824259757996
ode_s3,val,0.6,1,5176,0.047183215618133545
ode_s3,val,0.6,1,5185,0.02452189475297928
ode_s3,val,0.6,1,5199,0.053799472749233246
ode_s3,val,0.6,1,5215,0.0863819271326065
ode_s3,val,0.6,1,5217,0.12935592234134674
ode_s3,val,0.6,1,5221,0.30917924642562866
ode_s3,val,0.6,1,5222,0.1437554508447647
ode_s3,val,0.6,1,5227,0.44210565090179443
ode_s3,val,0.6,1,5232,0.18856465816497803
ode_s3,val,0.6,1,5236,0.39843499660491943
ode_s3,val,0.6,1,5243,0.21220409870147705
ode_s3,val,0.6,1,6917,0.11868542432785034
ode_s3,val,0.6,1,6922,0.07683247327804565
ode_s3,val,0.6,1,6923,0.02069886028766632
ode_s3,val,0.6,1,6924,0.07005763053894043
ode_s3,val,0.6,2,5176,0.05190354213118553
ode_s3,val,0.6,2,5185,0.035506609827280045
ode_s3,val,0.6,2,5199,0.05958700180053711
ode_s3,val,0.6,2,5215,0.09421893954277039
ode_s3,val,0.6,2,5217,0.11869608610868454
ode_s3,val,0.6,2,5221,0.2905272841453552
ode_s3,val,0.6,2,5222,0.1398400068283081
ode_s3,val,0.6,2,5227,0.3671844005584717
ode_s3,val,0.6,2,5232,0.17288164794445038
ode_s3,val,0.6,2,5236,0.36786535382270813
ode_s3,val,0.6,2,5243,0.431118905544281
ode_s3,val,0.6,2,6917,0.09688107669353485
ode_s3,val,0.6,2,6922,0.04191160202026367
ode_s3,val,0.6,2,6923,0.01758723333477974
ode_s3,val,0.6,2,6924,0.13739627599716187
ode_s3,test,0.2,0,5175,0.044996920973062515
ode_s3,test,0.2,0,5177,0.24417659640312195
ode_s3,test,0.2,0,5179,0.024575453251600266
ode_s3,test,0.2,0,5180,0.08125245571136475
ode_s3,test,0.2,0,5190,0.448456346988678
ode_s3,test,0.2,0,5195,0.18504475057125092
ode_s3,test,0.2,0,5206,0.05133701488375664
ode_s3,test,0.2,0,5212,0.10134568810462952
ode_s3,test,0.2,0,5216,0.14807961881160736
ode_s3,test,0.2,0,5228,0.7680277824401855
ode_s3,test,0.2,0,5233,0.3151285648345947
ode_s3,test,0.2,0,5234,0.0796177089214325
ode_s3,test,0.2,0,6300,0.03247778117656708
ode_s3,test,0.2,0,6306,0.06501392275094986
ode_s3,test,0.2,0,6883,0.29085174202919006
ode_s3,test,0.2,1,5175,0.10459374636411667
ode_s3,test,0.2,1,5177,0.3215789794921875
ode_s3,test,0.2,1,5179,0.047736756503582
ode_s3,test,0.2,1,5180,0.03058462217450142
ode_s3,test,0.2,1,5190,0.23115582764148712
ode_s3,test,0.2,1,5195,0.15254873037338257
ode_s3,test,0.2,1,5206,0.037695664912462234
ode_s3,test,0.2,1,5212,0.031057115644216537
ode_s3,test,0.2,1,5216,0.4262202978134155
ode_s3,test,0.2,1,5228,0.20773684978485107
ode_s3,test,0.2,1,5233,0.6431089639663696
ode_s3,test,0.2,1,5234,0.46412062644958496
ode_s3,test,0.2,1,6300,0.04568414017558098
ode_s3,test,0.2,1,6306,0.0964662954211235
ode_s3,test,0.2,1,6883,0.37686172127723694
ode_s3,test,0.2,2,5175,0.08022546768188477
ode_s3,test,0.2,2,5177,0.3470883071422577
ode_s3,test,0.2,2,5179,0.07411030679941177
ode_s3,test,0.2,2,5180,0.05194415897130966
ode_s3,test,0.2,2,5190,0.403717964887619
ode_s3,test,0.2,2,5195,0.28907448053359985
ode_s3,test,0.2,2,5206,0.040136657655239105
ode_s3,test,0.2,2,5212,0.09298396110534668
ode_s3,test,0.2,2,5216,0.2606682777404785
ode_s3,test,0.2,2,5228,1.1059904098510742
ode_s3,test,0.2,2,5233,0.2160920798778534
ode_s3,test,0.2,2,5234,0.3644216060638428
ode_s3,test,0.2,2,6300,0.027884846553206444
ode_s3,test,0.2,2,6306,0.027203068137168884
ode_s3,test,0.2,2,6883,0.31083133816719055
ode_s3,test,0.4,0,5175,0.08080087602138519
ode_s3,test,0.4,0,5177,0.0866902694106102
ode_s3,test,0.4,0,5179,0.0380403958261013
ode_s3,test,0.4,0,5180,0.04135825112462044
ode_s3,test,0.4,0,5190,0.16307367384433746
ode_s3,test,0.4,0,5195,0.14777866005897522
ode_s3,test,0.4,0,5206,0.05025976896286011
ode_s3,test,0.4,0,5212,0.09409454464912415
ode_s3,test,0.4,0,5216,0.505544126033783
ode_s3,test,0.4,0,5228,0.5151761770248413
ode_s3,test,0.4,0,5233,0.6575167775154114
ode_s3,test,0.4,0,5234,0.4459638297557831
ode_s3,test,0.4,0,6300,0.04947460815310478
ode_s3,test,0.4,0,6306,0.043868254870176315
ode_s3,test,0.4,0,6883,0.3191041350364685
ode_s3,test,0.4,1,5175,0.06926975399255753
ode_s3,test,0.4,1,5177,0.2574079930782318
ode_s3,test,0.4,1,5179,0.07246588170528412
ode_s3,test,0.4,1,5180,0.037468139082193375
ode_s3,test,0.4,1,5190,0.36340904235839844
ode_s3,test,0.4,1,5195,0.1494496464729309
ode_s3,test,0.4,1,5206,0.05358375981450081
ode_s3,test,0.4,1,5212,0.11682680994272232
ode_s3,test,0.4,1,5216,0.19792026281356812
ode_s3,test,0.4,1,5228,0.4545328617095947
ode_s3,test,0.4,1,5233,0.4937763214111328
ode_s3,test,0.4,1,5234,0.3769603967666626
ode_s3,test,0.4,1,6300,0.048641517758369446
ode_s3,test,0.4,1,6306,0.04772619158029556
ode_s3,test,0.4,1,6883,0.3120173513889313
ode_s3,test,0.4,2,5175,0.06472690403461456
ode_s3,test,0.4,2,5177,0.33874425292015076
ode_s3,test,0.4,2,5179,0.07242758572101593
ode_s3,test,0.4,2,5180,0.030474919825792313
ode_s3,test,0.4,2,5190,0.30414873361587524
ode_s3,test,0.4,2,5195,0.1688544899225235
ode_s3,test,0.4,2,5206,0.02585778385400772
ode_s3,test,0.4,2,5212,0.09768855571746826
ode_s3,test,0.4,2,5216,0.374314546585083
ode_s3,test,0.4,2,5228,0.4723607003688812
ode_s3,test,0.4,2,5233,0.6916618347167969
ode_s3,test,0.4,2,5234,0.5151105523109436
ode_s3,test,0.4,2,6300,0.03562583029270172
ode_s3,test,0.4,2,6306,0.03560895472764969
ode_s3,test,0.4,2,6883,0.2919343113899231
ode_s3,test,0.6,0,5175,0.14378686249256134
ode_s3,test,0.6,0,5177,0.1854575276374817
ode_s3,test,0.6,0,5179,0.07437014579772949
ode_s3,test,0.6,0,5180,0.04862631857395172
ode_s3,test,0.6,0,5190,0.22325152158737183
ode_s3,test,0.6,0,5195,0.2139092981815338
ode_s3,test,0.6,0,5206,0.05567312613129616
ode_s3,test,0.6,0,5212,0.07453319430351257
ode_s3,test,0.6,0,5216,0.44747987389564514
ode_s3,test,0.6,0,5228,0.5364322066307068
ode_s3,test,0.6,0,5233,0.6135089993476868
ode_s3,test,0.6,0,5234,0.4460105895996094
ode_s3,test,0.6,0,6300,0.033055081963539124
ode_s3,test,0.6,0,6306,0.0653647854924202
ode_s3,test,0.6,0,6883,0.3098650276660919
ode_s3,test,0.6,1,5175,0.12348033487796783
ode_s3,test,0.6,1,5177,0.20753160119056702
ode_s3,test,0.6,1,5179,0.05018722638487816
ode_s3,test,0.6,1,5180,0.04433964937925339
ode_s3,test,0.6,1,5190,0.165891632437706
ode_s3,test,0.6,1,5195,0.20350080728530884
ode_s3,test,0.6,1,5206,0.04331088811159134
ode_s3,test,0.6,1,5212,0.059414494782686234
ode_s3,test,0.6,1,5216,0.21780452132225037
ode_s3,test,0.6,1,5228,0.5534229874610901
ode_s3,test,0.6,1,5233,0.6320284605026245
ode_s3,test,0.6,1,5234,0.49714499711990356
ode_s3,test,0.6,1,6300,0.030161486938595772
ode_s3,test,0.6,1,6306,0.051699601113796234
ode_s3,test,0.6,1,6883,0.29966816306114197
ode_s3,test,0.6,2,5175,0.0988716259598732
ode_s3,test,0.6,2,5177,0.2734490931034088
ode_s3,test,0.6,2,5179,0.06775444000959396
ode_s3,test,0.6,2,5180,0.04942044988274574
ode_s3,test,0.6,2,5190,0.273987740278244
ode_s3,test,0.6,2,5195,0.22480545938014984
ode_s3,test,0.6,2,5206,0.04487510398030281
ode_s3,test,0.6,2,5212,0.09408362954854965
ode_s3,test,0.6,2,5216,0.23960497975349426
ode_s3,test,0.6,2,5228,0.7627133131027222
ode_s3,test,0.6,2,5233,0.5325384736061096
ode_s3,test,0.6,2,5234,0.5653313994407654
ode_s3,test,0.6,2,6300,0.04135344550013542
ode_s3,test,0.6,2,6306,0.0586027093231678
ode_s3,test,0.6,2,6883,0.2841328978538513
ode_s4,val,0.2,0,5176,0.13626153767108917
ode_s4,val,0.2,0,5185,0.044815149158239365
ode_s4,val,0.2,0,5199,0.03598180040717125
ode_s4,val,0.2,0,5215,0.029087673872709274
ode_s4,val,0.2,0,5217,0.42427945137023926
ode_s4,val,0.2,0,5221,0.2790031433105469
ode_s4,val,0.2,0,5222,0.06116241216659546
ode_s4,val,0.2,0,5227,0.8715273141860962
ode_s4,val,0.2,0,5232,0.17910067737102509
ode_s4,val,0.2,0,5236,0.4511041045188904
ode_s4,val,0.2,0,5243,0.49438849091529846
ode_s4,val,0.2,0,6917,0.027942191809415817
ode_s4,val,0.2,0,6922,0.2706049680709839
ode_s4,val,0.2,0,6923,0.04980648308992386
ode_s4,val,0.2,0,6924,0.17473606765270233
ode_s4,val,0.2,1,5176,0.178450807929039
ode_s4,val,0.2,1,5185,0.02327294461429119
ode_s4,val,0.2,1,5199,0.05956307798624039
ode_s4,val,0.2,1,5215,0.018210187554359436
ode_s4,val,0.2,1,5217,0.027745261788368225
ode_s4,val,0.2,1,5221,0.2661302983760834
ode_s4,val,0.2,1,5222,0.052988450974226
ode_s4,val,0.2,1,5227,0.6215609908103943
ode_s4,val,0.2,1,5232,0.14713555574417114
ode_s4,val,0.2,1,5236,0.717657208442688
ode_s4,val,0.2,1,5243,0.15653018653392792
ode_s4,val,0.2,1,6917,0.015881497412919998
ode_s4,val,0.2,1,6922,0.3424912095069885
ode_s4,val,0.2,1,6923,0.06686802953481674
ode_s4,val,0.2,1,6924,0.19173547625541687
ode_s4,val,0.2,2,5176,0.013789397664368153
ode_s4,val,0.2,2,5185,0.020460648462176323
ode_s4,val,0.2,2,5199,0.07655885070562363
ode_s4,val,0.2,2,5215,0.020639007911086082
ode_s4,val,0.2,2,5217,0.4193950891494751
ode_s4,val,0.2,2,5221,0.29377058148384094
ode_s4,val,0.2,2,5222,0.0736548900604248
ode_s4,val,0.2,2,5227,0.3240548074245453
ode_s4,val,0.2,2,5232,0.3081265985965729
ode_s4,val,0.2,2,5236,0.9117045998573303
ode_s4,val,0.2,2,5243,0.2794497311115265
ode_s4,val,0.2,2,6917,0.036451879888772964
ode_s4,val,0.2,2,6922,0.035114437341690063
ode_s4,val,0.2,2,6923,0.05060431361198425
ode_s4,val,0.2,2,6924,0.17213299870491028
ode_s4,val,0.4,0,5176,0.16609278321266174
ode_s4,val,0.4,0,5185,0.07772861421108246
ode_s4,val,0.4,0,5199,0.09683423489332199
ode_s4,val,0.4,0,5215,0.0200033076107502
ode_s4,val,0.4,0,5217,0.37020862102508545
ode_s4,val,0.4,0,5221,0.6998826861381531
ode_s4,val,0.4,0,5222,0.042852599173784256
ode_s4,val,0.4,0,5227,0.6943976283073425
ode_s4,val,0.4,0,5232,0.35827985405921936
ode_s4,val,0.4,0,5236,0.41434285044670105
ode_s4,val,0.4,0,5243,0.5601106286048889
ode_s4,val,0.4,0,6917,0.02429293468594551
ode_s4,val,0.4,0,6922,0.2086264193058014
ode_s4,val,0.4,0,6923,0.06072477251291275
ode_s4,val,0.4,0,6924,0.07720254361629486
ode_s4,val,0.4,1,5176,0.08159883320331573
ode_s4,val,0.4,1,5185,0.05701734870672226
ode_s4,val,0.4,1,5199,0.05015690252184868
ode_s4,val,0.4,1,5215,0.017780205234885216
ode_s4,val,0.4,1,5217,0.18907447159290314
ode_s4,val,0.4,1,5221,0.4736182689666748
ode_s4,val,0.4,1,5222,0.047036584466695786
ode_s4,val,0.4,1,5227,0.9570267796516418
ode_s4,val,0.4,1,5232,0.2957863211631775
ode_s4,val,0.4,1,5236,0.2815307080745697
ode_s4,val,0.4,1,5243,0.6398515701293945
ode_s4,val,0.4,1,6917,0.026717476546764374
ode_s4,val,0.4,1,6922,0.07782123237848282
ode_s4,val,0.4,1,6923,0.08181754499673843
ode_s4,val,0.4,1,6924,0.11366858333349228
ode_s4,val,0.4,2,5176,0.14428077638149261
ode_s4,val,0.4,2,5185,0.047673873603343964
ode_s4,val,0.4,2,5199,0.05052873119711876
ode_s4,val,0.4,2,5215,0.018776752054691315
ode_s4,val,0.4,2,5217,0.24295945465564728
ode_s4,val,0.4,2,5221,0.3454793095588684
ode_s4,val,0.4,2,5222,0.056508369743824005
ode_s4,val,0.4,2,5227,0.2897122800350189
ode_s4,val,0.4,2,5232,0.40683865547180176
ode_s4,val,0.4,2,5236,0.8438689708709717
ode_s4,val,0.4,2,5243,0.6192603707313538
ode_s4,val,0.4,2,6917,0.02917095273733139
ode_s4,val,0.4,2,6922,0.2893364727497101
ode_s4,val,0.4,2,6923,0.04884618520736694
ode_s4,val,0.4,2,6924,0.12935079634189606
ode_s4,val,0.6,0,5176,0.08655396848917007
ode_s4,val,0.6,0,5185,0.04614706709980965
ode_s4,val,0.6,0,5199,0.11230255663394928
ode_s4,val,0.6,0,5215,0.02134833112359047
ode_s4,val,0.6,0,5217,0.28952106833457947
ode_s4,val,0.6,0,5221,0.43035179376602173
ode_s4,val,0.6,0,5222,0.07556521892547607
ode_s4,val,0.6,0,5227,0.7812296152114868
ode_s4,val,0.6,0,5232,0.3874950408935547
ode_s4,val,0.6,0,5236,0.7045519948005676
ode_s4,val,0.6,0,5243,0.6025345921516418
ode_s4,val,0.6,0,6917,0.03412971645593643
ode_s4,val,0.6,0,6922,0.19371701776981354
ode_s4,val,0.6,0,6923,0.057081591337919235
ode_s4,val,0.6,0,6924,0.1885569542646408
ode_s4,val,0.6,1,5176,0.13317541778087616
ode_s4,val,0.6,1,5185,0.049092140048742294
ode_s4,val,0.6,1,5199,0.0861956775188446
ode_s4,val,0.6,1,5215,0.02136654034256935
ode_s4,val,0.6,1,5217,0.3043961524963379
ode_s4,val,0.6,1,5221,0.5247151255607605
ode_s4,val,0.6,1,5222,0.0446990542113781
ode_s4,val,0.6,1,5227,0.8332442045211792
ode_s4,val,0.6,1,5232,0.3655535578727722
ode_s4,val,0.6,1,5236,0.6393542289733887
ode_s4,val,0.6,1,5243,0.4067153334617615
ode_s4,val,0.6,1,6917,0.027477091178297997
ode_s4,val,0.6,1,6922,0.13798528909683228
ode_s4,val,0.6,1,6923,0.07210280746221542
ode_s4,val,0.6,1,6924,0.16543874144554138
ode_s4,val,0.6,2,5176,0.1663539856672287
ode_s4,val,0.6,2,5185,0.0781312957406044
ode_s4,val,0.6,2,5199,0.09320870786905289
ode_s4,val,0.6,2,5215,0.025421200320124626
ode_s4,val,0.6,2,5217,0.3105897605419159
ode_s4,val,0.6,2,5221,0.4895237386226654
ode_s4,val,0.6,2,5222,0.04597229138016701
ode_s4,val,0.6,2,5227,0.686554491519928
ode_s4,val,0.6,2,5232,0.3222199082374573
ode_s4,val,0.6,2,5236,0.596818208694458
ode_s4,val,0.6,2,5243,0.7827506065368652
ode_s4,val,0.6,2,6917,0.02773883566260338
ode_s4,val,0.6,2,6922,0.06431650370359421
ode_s4,val,0.6,2,6923,0.07751259207725525
ode_s4,val,0.6,2,6924,0.30346444249153137
ode_s4,test,0.2,0,5175,0.07786227017641068
ode_s4,test,0.2,0,5177,0.47586989402770996
ode_s4,test,0.2,0,5179,0.06909754872322083
ode_s4,test,0.2,0,5180,0.23310427367687225
ode_s4,test,0.2,0,5190,0.734782874584198
ode_s4,test,0.2,0,5195,0.39047467708587646
ode_s4,test,0.2,0,5206,0.17090994119644165
ode_s4,test,0.2,0,5212,0.2722230553627014
ode_s4,test,0.2,0,5216,0.2610219419002533
ode_s4,test,0.2,0,5228,1.234049677848816
ode_s4,test,0.2,0,5233,0.5814375877380371
ode_s4,test,0.2,0,5234,0.13855695724487305
ode_s4,test,0.2,0,6300,0.11855518817901611
ode_s4,test,0.2,0,6306,0.18394340574741364
ode_s4,test,0.2,0,6883,0.10691172629594803
ode_s4,test,0.2,1,5175,0.2354825735092163
ode_s4,test,0.2,1,5177,0.6163820028305054
ode_s4,test,0.2,1,5179,0.09230853617191315
ode_s4,test,0.2,1,5180,0.09203027933835983
ode_s4,test,0.2,1,5190,0.40711793303489685
ode_s4,test,0.2,1,5195,0.3154524564743042
ode_s4,test,0.2,1,5206,0.07227709144353867
ode_s4,test,0.2,1,5212,0.08500009030103683
ode_s4,test,0.2,1,5216,0.732189953327179
ode_s4,test,0.2,1,5228,0.369930624961853
ode_s4,test,0.2,1,5233,1.0541061162948608
ode_s4,test,0.2,1,5234,0.7270936965942383
ode_s4,test,0.2,1,6300,0.14981712400913239
ode_s4,test,0.2,1,6306,0.23086369037628174
ode_s4,test,0.2,1,6883,0.14022156596183777
ode_s4,test,0.2,2,5175,0.17357409000396729
ode_s4,test,0.2,2,5177,0.6694296598434448
ode_s4,test,0.2,2,5179,0.1503785252571106
ode_s4,test,0.2,2,5180,0.17828215658664703
ode_s4,test,0.2,2,5190,0.6729001998901367
ode_s4,test,0.2,2,5195,0.6559988260269165
ode_s4,test,0.2,2,5206,0.050904709845781326
ode_s4,test,0.2,2,5212,0.2614099681377411
ode_s4,test,0.2,2,5216,0.48854127526283264
ode_s4,test,0.2,2,5228,1.6383733749389648
ode_s4,test,0.2,2,5233,0.40576672554016113
ode_s4,test,0.2,2,5234,0.5924095511436462
ode_s4,test,0.2,2,6300,0.07808895409107208
ode_s4,test,0.2,2,6306,0.03403796628117561
ode_s4,test,0.2,2,6883,0.11454828083515167
ode_s4,test,0.4,0,5175,0.18973514437675476
ode_s4,test,0.4,0,5177,0.1779843121767044
ode_s4,test,0.4,0,5179,0.07593099027872086
ode_s4,test,0.4,0,5180,0.13667288422584534
ode_s4,test,0.4,0,5190,0.28627562522888184
ode_s4,test,0.4,0,5195,0.3380216360092163
ode_s4,test,0.4,0,5206,0.10986057668924332
ode_s4,test,0.4,0,5212,0.25018587708473206
ode_s4,test,0.4,0,5216,0.8283982872962952
ode_s4,test,0.4,0,5228,0.8401052355766296
ode_s4,test,0.4,0,5233,1.1039131879806519
ode_s4,test,0.4,0,5234,0.6959487795829773
ode_s4,test,0.4,0,6300,0.15494443476200104
ode_s4,test,0.4,0,6306,0.10359373688697815
ode_s4,test,0.4,0,6883,0.11813624203205109
ode_s4,test,0.4,1,5175,0.16650165617465973
ode_s4,test,0.4,1,5177,0.4880549907684326
ode_s4,test,0.4,1,5179,0.16938136518001556
ode_s4,test,0.4,1,5180,0.13225191831588745
ode_s4,test,0.4,1,5190,0.5968285799026489
ode_s4,test,0.4,1,5195,0.3203040361404419
ode_s4,test,0.4,1,5206,0.16094276309013367
ode_s4,test,0.4,1,5212,0.3062329888343811
ode_s4,test,0.4,1,5216,0.3506535589694977
ode_s4,test,0.4,1,5228,0.7406652569770813
ode_s4,test,0.4,1,5233,0.8643496632575989
ode_s4,test,0.4,1,5234,0.6002642512321472
ode_s4,test,0.4,1,6300,0.14336387813091278
ode_s4,test,0.4,1,6306,0.1250298023223877
ode_s4,test,0.4,1,6883,0.1284807175397873
ode_s4,test,0.4,2,5175,0.16548265516757965
ode_s4,test,0.4,2,5177,0.6463692784309387
ode_s4,test,0.4,2,5179,0.15990513563156128
ode_s4,test,0.4,2,5180,0.10112078487873077
ode_s4,test,0.4,2,5190,0.5124714374542236
ode_s4,test,0.4,2,5195,0.3472785949707031
ode_s4,test,0.4,2,5206,0.06857233494520187
ode_s4,test,0.4,2,5212,0.26515433192253113
ode_s4,test,0.4,2,5216,0.6185701489448547
ode_s4,test,0.4,2,5228,0.7667877674102783
ode_s4,test,0.4,2,5233,1.1151150465011597
ode_s4,test,0.4,2,5234,0.8170236945152283
ode_s4,test,0.4,2,6300,0.14022615551948547
ode_s4,test,0.4,2,6306,0.09108185768127441
ode_s4,test,0.4,2,6883,0.1105353906750679
ode_s4,test,0.6,0,5175,0.30344337224960327
ode_s4,test,0.6,0,5177,0.3460915684700012
ode_s4,test,0.6,0,5179,0.15254300832748413
ode_s4,test,0.6,0,5180,0.16052590310573578
ode_s4,test,0.6,0,5190,0.36989715695381165
ode_s4,test,0.6,0,5195,0.45111459493637085
ode_s4,test,0.6,0,5206,0.15269288420677185
ode_s4,test,0.6,0,5212,0.20152141153812408
ode_s4,test,0.6,0,5216,0.7240079045295715
ode_s4,test,0.6,0,5228,0.8504313826560974
ode_s4,test,0.6,0,5233,1.0512986183166504
ode_s4,test,0.6,0,5234,0.7104706764221191
ode_s4,test,0.6,0,6300,0.10194369405508041
ode_s4,test,0.6,0,6306,0.15042917430400848
ode_s4,test,0.6,0,6883,0.11989202350378036
ode_s4,test,0.6,1,5175,0.2621572017669678
ode_s4,test,0.6,1,5177,0.4026270806789398
ode_s4,test,0.6,1,5179,0.10288632661104202
ode_s4,test,0.6,1,5180,0.14520056545734406
ode_s4,test,0.6,1,5190,0.2837636172771454
ode_s4,test,0.6,1,5195,0.44321155548095703
ode_s4,test,0.6,1,5206,0.12696868181228638
ode_s4,test,0.6,1,5212,0.16250820457935333
ode_s4,test,0.6,1,5216,0.3663417100906372
ode_s4,test,0.6,1,5228,0.8785421848297119
ode_s4,test,0.6,1,5233,1.0573344230651855
ode_s4,test,0.6,1,5234,0.7747312188148499
ode_s4,test,0.6,1,6300,0.09184064716100693
ode_s4,test,0.6,1,6306,0.14050081372261047
ode_s4,test,0.6,1,6883,0.11606539785861969
ode_s4,test,0.6,2,5175,0.22775159776210785
ode_s4,test,0.6,2,5177,0.521500825881958
ode_s4,test,0.6,2,5179,0.17256884276866913
ode_s4,test,0.6,2,5180,0.1593635231256485
ode_s4,test,0.6,2,5190,0.46001920104026794
ode_s4,test,0.6,2,5195,0.4793567657470703
ode_s4,test,0.6,2,5206,0.13538402318954468
ode_s4,test,0.6,2,5212,0.2574383318424225
ode_s4,test,0.6,2,5216,0.40859392285346985
ode_s4,test,0.6,2,5228,1.182140588760376
ode_s4,test,0.6,2,5233,0.9270036220550537
ode_s4,test,0.6,2,5234,0.88953697681427
ode_s4,test,0.6,2,6300,0.12054804712533951
ode_s4,test,0.6,2,6306,0.15181884169578552
ode_s4,test,0.6,2,6883,0.10912881791591644
gru_s0,val,0.2,0,5176,0.12116006761789322
gru_s0,val,0.2,0,5185,0.05146639421582222
gru_s0,val,0.2,0,5199,0.09785369783639908
gru_s0,val,0.2,0,5215,0.053213633596897125
gru_s0,val,0.2,0,5217,0.33961158990859985
gru_s0,val,0.2,0,5221,0.24562248587608337
gru_s0,val,0.2,0,5222,0.061412300914525986
gru_s0,val,0.2,0,5227,0.9709245562553406
gru_s0,val,0.2,0,5232,0.16213774681091309
gru_s0,val,0.2,0,5236,0.3339040279388428
gru_s0,val,0.2,0,5243,0.543432354927063
gru_s0,val,0.2,0,6917,0.05143661051988602
gru_s0,val,0.2,0,6922,0.3417666554450989
gru_s0,val,0.2,0,6923,0.06479592621326447
gru_s0,val,0.2,0,6924,0.170195534825325
gru_s0,val,0.2,1,5176,0.1759187877178192
gru_s0,val,0.2,1,5185,0.06490108370780945
gru_s0,val,0.2,1,5199,0.13895924389362335
gru_s0,val,0.2,1,5215,0.029066773131489754
gru_s0,val,0.2,1,5217,0.024111559614539146
gru_s0,val,0.2,1,5221,0.1954386830329895
gru_s0,val,0.2,1,5222,0.03536549210548401
gru_s0,val,0.2,1,5227,0.5470560193061829
gru_s0,val,0.2,1,5232,0.10341159254312515
gru_s0,val,0.2,1,5236,0.5228589773178101
gru_s0,val,0.2,1,5243,0.15122729539871216
gru_s0,val,0.2,1,6917,0.03589809313416481
gru_s0,val,0.2,1,6922,0.4122180640697479
gru_s0,val,0.2,1,6923,0.12867549061775208
gru_s0,val,0.2,1,6924,0.164531871676445
gru_s0,val,0.2,2,5176,0.04219915717840195
gru_s0,val,0.2,2,5185,0.07247020304203033
gru_s0,val,0.2,2,5199,0.12932255864143372
gru_s0,val,0.2,2,5215,0.04490632563829422
gru_s0,val,0.2,2,5217,0.38347288966178894
gru_s0,val,0.2,2,5221,0.21473026275634766
gru_s0,val,0.2,2,5222,0.05002725124359131
gru_s0,val,0.2,2,5227,0.3402332365512848
gru_s0,val,0.2,2,5232,0.2509239614009857
gru_s0,val,0.2,2,5236,0.8518028259277344
gru_s0,val,0.2,2,5243,0.2591542601585388
gru_s0,val,0.2,2,6917,0.02480846270918846
gru_s0,val,0.2,2,6922,0.16266579926013947
gru_s0,val,0.2,2,6923,0.08364804089069366
gru_s0,val,0.2,2,6924,0.14561007916927338
gru_s0,val,0.4,0,5176,0.16147184371948242
gru_s0,val,0.4,0,5185,0.08127745240926743
gru_s0,val,0.4,0,5199,0.13735906779766083
gru_s0,val,0.4,0,5215,0.03750954940915108
gru_s0,val,0.4,0,5217,0.3126477599143982
gru_s0,val,0.4,0,5221,0.6363326907157898
gru_s0,val,0.4,0,5222,0.05744485184550285
gru_s0,val,0.4,0,5227,0.7589392066001892
gru_s0,val,0.4,0,5232,0.2989855110645294
gru_s0,val,0.4,0,5236,0.29988983273506165
gru_s0,val,0.4,0,5243,0.5344469547271729
gru_s0,val,0.4,0,6917,0.04047059267759323
gru_s0,val,0.4,0,6922,0.26171576976776123
gru_s0,val,0.4,0,6923,0.0812513455748558
gru_s0,val,0.4,0,6924,0.0745680034160614
gru_s0,val,0.4,1,5176,0.07778041809797287
gru_s0,val,0.4,1,5185,0.06691619753837585
gru_s0,val,0.4,1,5199,0.12716041505336761
gru_s0,val,0.4,1,5215,0.04214085265994072
gru_s0,val,0.4,1,5217,0.1746792495250702
gru_s0,val,0.4,1,5221,0.4632599651813507
gru_s0,val,0.4,1,5222,0.058807484805583954
gru_s0,val,0.4,1,5227,0.871627688407898
gru_s0,val,0.4,1,5232,0.23032495379447937
gru_s0,val,0.4,1,5236,0.21768558025360107
gru_s0,val,0.4,1,5243,0.5903854370117188
gru_s0,val,0.4,1,6917,0.07584960758686066
gru_s0,val,0.4,1,6922,0.10824913531541824
gru_s0,val,0.4,1,6923,0.12331642210483551
gru_s0,val,0.4,1,6924,0.10459709167480469
gru_s0,val,0.4,2,5176,0.1492873728275299
gru_s0,val,0.4,2,5185,0.04992785304784775
gru_s0,val,0.4,2,5199,0.09602586179971695
gru_s0,val,0.4,2,5215,0.03563050180673599
gru_s0,val,0.4,2,5217,0.16479867696762085
gru_s0,val,0.4,2,5221,0.2813478708267212
gru_s0,val,0.4,2,5222,0.036632928997278214
gru_s0,val,0.4,2,5227,0.3159683644771576
gru_s0,val,0.4,2,5232,0.32007884979248047
gru_s0,val,0.4,2,5236,0.7291138768196106
gru_s0,val,0.4,2,5243,0.5446716547012329
gru_s0,val,0.4,2,6917,0.04884146526455879
gru_s0,val,0.4,2,6922,0.3165591061115265
gru_s0,val,0.4,2,6923,0.06515567749738693
gru_s0,val,0.4,2,6924,0.1275513619184494
gru_s0,val,0.6,0,5176,0.07454010099172592
gru_s0,val,0.6,0,5185,0.06738739460706711
gru_s0,val,0.6,0,5199,0.15682724118232727
gru_s0,val,0.6,0,5215,0.04098280519247055
gru_s0,val,0.6,0,5217,0.23480424284934998
gru_s0,val,0.6,0,5221,0.3596113920211792
gru_s0,val,0.6,0,5222,0.02638482116162777
gru_s0,val,0.6,0,5227,0.7558141350746155
gru_s0,val,0.6,0,5232,0.30832362174987793
gru_s0,val,0.6,0,5236,0.5767625570297241
gru_s0,val,0.6,0,5243,0.49721354246139526
gru_s0,val,0.6,0,6917,0.037339575588703156
gru_s0,val,0.6,0,6922,0.23845884203910828
gru_s0,val,0.6,0,6923,0.07868615537881851
gru_s0,val,0.6,0,6924,0.1776200234889984
gru_s0,val,0.6,1,5176,0.12163878977298737
gru_s0,val,0.6,1,5185,0.06368497014045715
gru_s0,val,0.6,1,5199,0.12612560391426086
gru_s0,val,0.6,1,5215,0.03587569668889046
gru_s0,val,0.6,1,5217,0.2659395933151245
gru_s0,val,0.6,1,5221,0.48565709590911865
gru_s0,val,0.6,1,5222,0.0549100860953331
gru_s0,val,0.6,1,5227,0.8064458966255188
gru_s0,val,0.6,1,5232,0.28170672059059143
gru_s0,val,0.6,1,5236,0.5359975695610046
gru_s0,val,0.6,1,5243,0.3336470127105713
gru_s0,val,0.6,1,6917,0.07017556577920914
gru_s0,val,0.6,1,6922,0.2013375461101532
gru_s0,val,0.6,1,6923,0.11720194667577744
gru_s0,val,0.6,1,6924,0.1664484590291977
gru_s0,val,0.6,2,5176,0.14796003699302673
gru_s0,val,0.6,2,5185,0.0655316486954689
gru_s0,val,0.6,2,5199,0.13057081401348114
gru_s0,val,0.6,2,5215,0.05331013724207878
gru_s0,val,0.6,2,5217,0.3074427545070648
gru_s0,val,0.6,2,5221,0.41898027062416077
gru_s0,val,0.6,2,5222,0.03800269216299057
gru_s0,val,0.6,2,5227,0.7515897154808044
gru_s0,val,0.6,2,5232,0.23722319304943085
gru_s0,val,0.6,2,5236,0.4843512177467346
gru_s0,val,0.6,2,5243,0.7231907844543457
gru_s0,val,0.6,2,6917,0.0670289695262909
gru_s0,val,0.6,2,6922,0.10841582715511322
gru_s0,val,0.6,2,6923,0.1015663594007492
gru_s0,val,0.6,2,6924,0.34925377368927
gru_s0,test,0.2,0,5175,0.1129361093044281
gru_s0,test,0.2,0,5177,0.41112905740737915
gru_s0,test,0.2,0,5179,0.09590062499046326
gru_s0,test,0.2,0,5180,0.20081046223640442
gru_s0,test,0.2,0,5190,0.6100977063179016
gru_s0,test,0.2,0,5195,0.33260613679885864
gru_s0,test,0.2,0,5206,0.14960956573486328
gru_s0,test,0.2,0,5212,0.1977372169494629
gru_s0,test,0.2,0,5216,0.2205139398574829
gru_s0,test,0.2,0,5228,1.0034149885177612
gru_s0,test,0.2,0,5233,0.5470975637435913
gru_s0,test,0.2,0,5234,0.06713145971298218
gru_s0,test,0.2,0,6300,0.10921116173267365
gru_s0,test,0.2,0,6306,0.1885414570569992
gru_s0,test,0.2,0,6883,0.20948146283626556
gru_s0,test,0.2,1,5175,0.23370233178138733
gru_s0,test,0.2,1,5177,0.5540041327476501
gru_s0,test,0.2,1,5179,0.15339338779449463
gru_s0,test,0.2,1,5180,0.08069926500320435
gru_s0,test,0.2,1,5190,0.29721900820732117
gru_s0,test,0.2,1,5195,0.27379363775253296
gru_s0,test,0.2,1,5206,0.05354463681578636
gru_s0,test,0.2,1,5212,0.11587729305028915
gru_s0,test,0.2,1,5216,0.7060502171516418
gru_s0,test,0.2,1,5228,0.28732630610466003
gru_s0,test,0.2,1,5233,1.0632908344268799
gru_s0,test,0.2,1,5234,0.6476683616638184
gru_s0,test,0.2,1,6300,0.13204844295978546
gru_s0,test,0.2,1,6306,0.23191805183887482
gru_s0,test,0.2,1,6883,0.3359312117099762
gru_s0,test,0.2,2,5175,0.1780497133731842
gru_s0,test,0.2,2,5177,0.6050633788108826
gru_s0,test,0.2,2,5179,0.19861996173858643
gru_s0,test,0.2,2,5180,0.14649589359760284
gru_s0,test,0.2,2,5190,0.6141996383666992
gru_s0,test,0.2,2,5195,0.6185307502746582
gru_s0,test,0.2,2,5206,0.04922173544764519
gru_s0,test,0.2,2,5212,0.20376239717006683
gru_s0,test,0.2,2,5216,0.40137434005737305
gru_s0,test,0.2,2,5228,1.5585863590240479
gru_s0,test,0.2,2,5233,0.38932788372039795
gru_s0,test,0.2,2,5234,0.4597054123878479
gru_s0,test,0.2,2,6300,0.11691514402627945
gru_s0,test,0.2,2,6306,0.03384996950626373
gru_s0,test,0.2,2,6883,0.2653307318687439
gru_s0,test,0.4,0,5175,0.16522492468357086
gru_s0,test,0.4,0,5177,0.1510825902223587
gru_s0,test,0.4,0,5179,0.14403264224529266
gru_s0,test,0.4,0,5180,0.09907519817352295
gru_s0,test,0.4,0,5190,0.22071664035320282
gru_s0,test,0.4,0,5195,0.32375723123550415
gru_s0,test,0.4,0,5206,0.12823905050754547
gru_s0,test,0.4,0,5212,0.19318214058876038
gru_s0,test,0.4,0,5216,0.8328559398651123
gru_s0,test,0.4,0,5228,0.6859875321388245
gru_s0,test,0.4,0,5233,1.0906394720077515
gru_s0,test,0.4,0,5234,0.609886646270752
gru_s0,test,0.4,0,6300,0.1658836305141449
gru_s0,test,0.4,0,6306,0.11580917239189148
gru_s0,test,0.4,0,6883,0.2751394808292389
gru_s0,test,0.4,1,5175,0.1709134578704834
gru_s0,test,0.4,1,5177,0.435581773519516
gru_s0,test,0.4,1,5179,0.21033582091331482
gru_s0,test,0.4,1,5180,0.10080496221780777
gru_s0,test,0.4,1,5190,0.5292266011238098
gru_s0,test,0.4,1,5195,0.30524343252182007
gru_s0,test,0.4,1,5206,0.14084281027317047
gru_s0,test,0.4,1,5212,0.2537347376346588
gru_s0,test,0.4,1,5216,0.31251105666160583
gru_s0,test,0.4,1,5228,0.6291030645370483
gru_s0,test,0.4,1,5233,0.8066556453704834
gru_s0,test,0.4,1,5234,0.5366409420967102
gru_s0,test,0.4,1,6300,0.14968568086624146
gru_s0,test,0.4,1,6306,0.13185450434684753
gru_s0,test,0.4,1,6883,0.2872108519077301
gru_s0,test,0.4,2,5175,0.16658619046211243
gru_s0,test,0.4,2,5177,0.5645434856414795
gru_s0,test,0.4,2,5179,0.18357405066490173
gru_s0,test,0.4,2,5180,0.06534295529127121
gru_s0,test,0.4,2,5190,0.4368250370025635
gru_s0,test,0.4,2,5195,0.3182932734489441
gru_s0,test,0.4,2,5206,0.08284052461385727
gru_s0,test,0.4,2,5212,0.19920136034488678
gru_s0,test,0.4,2,5216,0.5842148065567017
gru_s0,test,0.4,2,5228,0.6474608778953552
gru_s0,test,0.4,2,5233,1.1628696918487549
gru_s0,test,0.4,2,5234,0.7126197218894958
gru_s0,test,0.4,2,6300,0.1296492964029312
gru_s0,test,0.4,2,6306,0.113552525639534
gru_s0,test,0.4,2,6883,0.25684672594070435
gru_s0,test,0.6,0,5175,0.2540997862815857
gru_s0,test,0.6,0,5177,0.31086188554763794
gru_s0,test,0.6,0,5179,0.1956644356250763
gru_s0,test,0.6,0,5180,0.09708447754383087
gru_s0,test,0.6,0,5190,0.3137759268283844
gru_s0,test,0.6,0,5195,0.39880257844924927
gru_s0,test,0.6,0,5206,0.14356017112731934
gru_s0,test,0.6,0,5212,0.17785191535949707
gru_s0,test,0.6,0,5216,0.7332754731178284
gru_s0,test,0.6,0,5228,0.7328900098800659
gru_s0,test,0.6,0,5233,0.9974717497825623
gru_s0,test,0.6,0,5234,0.5970976948738098
gru_s0,test,0.6,0,6300,0.12225733697414398
gru_s0,test,0.6,0,6306,0.17357851564884186
gru_s0,test,0.6,0,6883,0.2869488596916199
gru_s0,test,0.6,1,5175,0.24408681690692902
gru_s0,test,0.6,1,5177,0.3537219166755676
gru_s0,test,0.6,1,5179,0.14448104798793793
gru_s0,test,0.6,1,5180,0.09863482415676117
gru_s0,test,0.6,1,5190,0.24396288394927979
gru_s0,test,0.6,1,5195,0.37605297565460205
gru_s0,test,0.6,1,5206,0.11530791223049164
gru_s0,test,0.6,1,5212,0.10773960500955582
gru_s0,test,0.6,1,5216,0.33502861857414246
gru_s0,test,0.6,1,5228,0.7581784129142761
gru_s0,test,0.6,1,5233,1.0472246408462524
gru_s0,test,0.6,1,5234,0.6721617579460144
gru_s0,test,0.6,1,6300,0.10732952505350113
gru_s0,test,0.6,1,6306,0.14657354354858398
gru_s0,test,0.6,1,6883,0.27227583527565
gru_s0,test,0.6,2,5175,0.24319234490394592
gru_s0,test,0.6,2,5177,0.4520316421985626
gru_s0,test,0.6,2,5179,0.16728076338768005
gru_s0,test,0.6,2,5180,0.12972019612789154
gru_s0,test,0.6,2,5190,0.38880565762519836
gru_s0,test,0.6,2,5195,0.3858935832977295
gru_s0,test,0.6,2,5206,0.11720610409975052
gru_s0,test,0.6,2,5212,0.2053239345550537
gru_s0,test,0.6,2,5216,0.37759557366371155
gru_s0,test,0.6,2,5228,1.0479087829589844
gru_s0,test,0.6,2,5233,0.9205472469329834
gru_s0,test,0.6,2,5234,0.7631154656410217
gru_s0,test,0.6,2,6300,0.11877265572547913
gru_s0,test,0.6,2,6306,0.15849052369594574
gru_s0,test,0.6,2,6883,0.2652010917663574
gru_s1,val,0.2,0,5176,0.12234561145305634
gru_s1,val,0.2,0,5185,0.04791278392076492
gru_s1,val,0.2,0,5199,0.1384546160697937
gru_s1,val,0.2,0,5215,0.07416773587465286
gru_s1,val,0.2,0,5217,0.365384966135025
gru_s1,val,0.2,0,5221,0.30080217123031616
gru_s1,val,0.2,0,5222,0.10225293040275574
gru_s1,val,0.2,0,5227,1.045217514038086
gru_s1,val,0.2,0,5232,0.16400712728500366
gru_s1,val,0.2,0,5236,0.34155765175819397
gru_s1,val,0.2,0,5243,0.6166637539863586
gru_s1,val,0.2,0,6917,0.10679376125335693
gru_s1,val,0.2,0,6922,0.3718450665473938
gru_s1,val,0.2,0,6923,0.10230357944965363
gru_s1,val,0.2,0,6924,0.18261387944221497
gru_s1,val,0.2,1,5176,0.18370462954044342
gru_s1,val,0.2,1,5185,0.06395220011472702
gru_s1,val,0.2,1,5199,0.1991044133901596
gru_s1,val,0.2,1,5215,0.02767059952020645
gru_s1,val,0.2,1,5217,0.0698738545179367
gru_s1,val,0.2,1,5221,0.25502824783325195
gru_s1,val,0.2,1,5222,0.04335722327232361
gru_s1,val,0.2,1,5227,0.599651038646698
gru_s1,val,0.2,1,5232,0.10247476398944855
gru_s1,val,0.2,1,5236,0.5411393642425537
gru_s1,val,0.2,1,5243,0.21124155819416046
gru_s1,val,0.2,1,6917,0.10034488141536713
gru_s1,val,0.2,1,6922,0.43929243087768555
gru_s1,val,0.2,1,6923,0.21743232011795044
gru_s1,val,0.2,1,6924,0.1688794642686844
gru_s1,val,0.2,2,5176,0.036336734890937805
gru_s1,val,0.2,2,5185,0.06637915968894958
gru_s1,val,0.2,2,5199,0.1545482873916626
gru_s1,val,0.2,2,5215,0.08494439721107483
gru_s1,val,0.2,2,5217,0.42627888917922974
gru_s1,val,0.2,2,5221,0.21812520921230316
gru_s1,val,0.2,2,5222,0.030258659273386
gru_s1,val,0.2,2,5227,0.3888762295246124
gru_s1,val,0.2,2,5232,0.2529090344905853
gru_s1,val,0.2,2,5236,0.8608869314193726
gru_s1,val,0.2,2,5243,0.32221609354019165
gru_s1,val,0.2,2,6917,0.016325585544109344
gru_s1,val,0.2,2,6922,0.27794018387794495
gru_s1,val,0.2,2,6923,0.10800506174564362
gru_s1,val,0.2,2,6924,0.17988888919353485
gru_s1,val,0.4,0,5176,0.16876569390296936
gru_s1,val,0.4,0,5185,0.08135850727558136
gru_s1,val,0.4,0,5199,0.1629292219877243
gru_s1,val,0.4,0,5215,0.06750904023647308
gru_s1,val,0.4,0,5217,0.3359144330024719
gru_s1,val,0.4,0,5221,0.6750919222831726
gru_s1,val,0.4,0,5222,0.10498835891485214
gru_s1,val,0.4,0,5227,0.8355734944343567
gru_s1,val,0.4,0,5232,0.30598166584968567
gru_s1,val,0.4,0,5236,0.30708077549934387
gru_s1,val,0.4,0,5243,0.6047698259353638
gru_s1,val,0.4,0,6917,0.09580983966588974
gru_s1,val,0.4,0,6922,0.2900080382823944
gru_s1,val,0.4,0,6923,0.1142331212759018
gru_s1,val,0.4,0,6924,0.11709311604499817
gru_s1,val,0.4,1,5176,0.08112122863531113
gru_s1,val,0.4,1,5185,0.06902176886796951
gru_s1,val,0.4,1,5199,0.16514408588409424
gru_s1,val,0.4,1,5215,0.057533521205186844
gru_s1,val,0.4,1,5217,0.2181311845779419
gru_s1,val,0.4,1,5221,0.5203353762626648
gru_s1,val,0.4,1,5222,0.10321726649999619
gru_s1,val,0.4,1,5227,0.9381219148635864
gru_s1,val,0.4,1,5232,0.24253155291080475
gru_s1,val,0.4,1,5236,0.21875736117362976
gru_s1,val,0.4,1,5243,0.6456153392791748
gru_s1,val,0.4,1,6917,0.1641201376914978
gru_s1,val,0.4,1,6922,0.13027836382389069
gru_s1,val,0.4,1,6923,0.19792316854000092
gru_s1,val,0.4,1,6924,0.12570539116859436
gru_s1,val,0.4,2,5176,0.16196899116039276
gru_s1,val,0.4,2,5185,0.058518800884485245
gru_s1,val,0.4,2,5199,0.1381213515996933
gru_s1,val,0.4,2,5215,0.06228499859571457
gru_s1,val,0.4,2,5217,0.2068783938884735
gru_s1,val,0.4,2,5221,0.30007511377334595
gru_s1,val,0.4,2,5222,0.04614155367016792
gru_s1,val,0.4,2,5227,0.3897542655467987
gru_s1,val,0.4,2,5232,0.3281988203525543
gru_s1,val,0.4,2,5236,0.7451738119125366
gru_s1,val,0.4,2,5243,0.601055920124054
gru_s1,val,0.4,2,6917,0.09896785765886307
gru_s1,val,0.4,2,6922,0.3890697956085205
gru_s1,val,0.4,2,6923,0.10308422148227692
gru_s1,val,0.4,2,6924,0.1730869561433792
gru_s1,val,0.6,0,5176,0.08231756091117859
gru_s1,val,0.6,0,5185,0.06545083969831467
gru_s1,val,0.6,0,5199,0.20503099262714386
gru_s1,val,0.6,0,5215,0.06960420310497284
gru_s1,val,0.6,0,5217,0.26085135340690613
gru_s1,val,0.6,0,5221,0.3975924253463745
gru_s1,val,0.6,0,5222,0.05789355933666229
gru_s1,val,0.6,0,5227,0.8373904824256897
gru_s1,val,0.6,0,5232,0.3233022391796112
gru_s1,val,0.6,0,5236,0.5919635891914368
gru_s1,val,0.6,0,5243,0.5454255938529968
gru_s1,val,0.6,0,6917,0.07243341207504272
gru_s1,val,0.6,0,6922,0.2866370379924774
gru_s1,val,0.6,0,6923,0.1244046613574028
gru_s1,val,0.6,0,6924,0.22238320112228394
gru_s1,val,0.6,1,5176,0.13201786577701569
gru_s1,val,0.6,1,5185,0.06480211764574051
gru_s1,val,0.6,1,5199,0.154608815908432
gru_s1,val,0.6,1,5215,0.04234614968299866
gru_s1,val,0.6,1,5217,0.3094865679740906
gru_s1,val,0.6,1,5221,0.5277760028839111
gru_s1,val,0.6,1,5222,0.13232767581939697
gru_s1,val,0.6,1,5227,0.8651973605155945
gru_s1,val,0.6,1,5232,0.29140329360961914
gru_s1,val,0.6,1,5236,0.5492293834686279
gru_s1,val,0.6,1,5243,0.3665032386779785
gru_s1,val,0.6,1,6917,0.14104321599006653
gru_s1,val,0.6,1,6922,0.2383987307548523
gru_s1,val,0.6,1,6923,0.17270684242248535
gru_s1,val,0.6,1,6924,0.21381860971450806
gru_s1,val,0.6,2,5176,0.16034725308418274
gru_s1,val,0.6,2,5185,0.07148896902799606
gru_s1,val,0.6,2,5199,0.1871601790189743
gru_s1,val,0.6,2,5215,0.08861491829156876
gru_s1,val,0.6,2,5217,0.35410425066947937
gru_s1,val,0.6,2,5221,0.4505240321159363
gru_s1,val,0.6,2,5222,0.07416795194149017
gru_s1,val,0.6,2,5227,0.8302517533302307
gru_s1,val,0.6,2,5232,0.2425854653120041
gru_s1,val,0.6,2,5236,0.5022737979888916
gru_s1,val,0.6,2,5243,0.7811791300773621
gru_s1,val,0.6,2,6917,0.1514776200056076
gru_s1,val,0.6,2,6922,0.1719251275062561
gru_s1,val,0.6,2,6923,0.1497625708580017
gru_s1,val,0.6,2,6924,0.42109420895576477
gru_s1,test,0.2,0,5175,0.1061033234000206
gru_s1,test,0.2,0,5177,0.42037734389305115
gru_s1,test,0.2,0,5179,0.0913248285651207
gru_s1,test,0.2,0,5180,0.20462767779827118
gru_s1,test,0.2,0,5190,0.6243770718574524
gru_s1,test,0.2,0,5195,0.3691864609718323
gru_s1,test,0.2,0,5206,0.15787994861602783
gru_s1,test,0.2,0,5212,0.21601198613643646
gru_s1,test,0.2,0,5216,0.25487005710601807
gru_s1,test,0.2,0,5228,1.0515934228897095
gru_s1,test,0.2,0,5233,0.5563704967498779
gru_s1,test,0.2,0,5234,0.08208417147397995
gru_s1,test,0.2,0,6300,0.10858597606420517
gru_s1,test,0.2,0,6306,0.21276447176933289
gru_s1,test,0.2,0,6883,0.2252749800682068
gru_s1,test,0.2,1,5175,0.2342609465122223
gru_s1,test,0.2,1,5177,0.573765218257904
gru_s1,test,0.2,1,5179,0.14349564909934998
gru_s1,test,0.2,1,5180,0.09451179951429367
gru_s1,test,0.2,1,5190,0.30152183771133423
gru_s1,test,0.2,1,5195,0.3202531337738037
gru_s1,test,0.2,1,5206,0.05121413990855217
gru_s1,test,0.2,1,5212,0.11568543314933777
gru_s1,test,0.2,1,5216,0.7405902147293091
gru_s1,test,0.2,1,5228,0.3003575801849365
gru_s1,test,0.2,1,5233,1.0948797464370728
gru_s1,test,0.2,1,5234,0.6655363440513611
gru_s1,test,0.2,1,6300,0.1302930861711502
gru_s1,test,0.2,1,6306,0.23583316802978516
gru_s1,test,0.2,1,6883,0.31352323293685913
gru_s1,test,0.2,2,5175,0.17247077822685242
gru_s1,test,0.2,2,5177,0.6249589323997498
gru_s1,test,0.2,2,5179,0.19029073417186737
gru_s1,test,0.2,2,5180,0.1461212933063507
gru_s1,test,0.2,2,5190,0.622631847858429
gru_s1,test,0.2,2,5195,0.6311542391777039
gru_s1,test,0.2,2,5206,0.0696764886379242
gru_s1,test,0.2,2,5212,0.21068046987056732
gru_s1,test,0.2,2,5216,0.4463752508163452
gru_s1,test,0.2,2,5228,1.598905086517334
gru_s1,test,0.2,2,5233,0.4260777235031128
gru_s1,test,0.2,2,5234,0.47621288895606995
gru_s1,test,0.2,2,6300,0.10188569128513336
gru_s1,test,0.2,2,6306,0.024367013946175575
gru_s1,test,0.2,2,6883,0.2575814127922058
gru_s1,test,0.4,0,5175,0.1725066751241684
gru_s1,test,0.4,0,5177,0.1600913256406784
gru_s1,test,0.4,0,5179,0.12987568974494934
gru_s1,test,0.4,0,5180,0.10794202983379364
gru_s1,test,0.4,0,5190,0.2258831113576889
gru_s1,test,0.4,0,5195,0.36882564425468445
gru_s1,test,0.4,0,5206,0.1357966810464859
gru_s1,test,0.4,0,5212,0.20565013587474823
gru_s1,test,0.4,0,5216,0.8712085485458374
gru_s1,test,0.4,0,5228,0.7139835953712463
gru_s1,test,0.4,0,5233,1.1422231197357178
gru_s1,test,0.4,0,5234,0.6300727725028992
gru_s1,test,0.4,0,6300,0.16425541043281555
gru_s1,test,0.4,0,6306,0.13807734847068787
gru_s1,test,0.4,0,6883,0.27510568499565125
gru_s1,test,0.4,1,5175,0.17571385204792023
gru_s1,test,0.4,1,5177,0.44981467723846436
gru_s1,test,0.4,1,5179,0.20404905080795288
gru_s1,test,0.4,1,5180,0.11843409389257431
gru_s1,test,0.4,1,5190,0.5363160371780396
gru_s1,test,0.4,1,5195,0.35681042075157166
gru_s1,test,0.4,1,5206,0.15009978413581848
gru_s1,test,0.4,1,5212,0.26180300116539
gru_s1,test,0.4,1,5216,0.3536422848701477
gru_s1,test,0.4,1,5228,0.6613534092903137
gru_s1,test,0.4,1,5233,0.8325057029724121
gru_s1,test,0.4,1,5234,0.5537635087966919
gru_s1,test,0.4,1,6300,0.14895154535770416
gru_s1,test,0.4,1,6306,0.15993542969226837
gru_s1,test,0.4,1,6883,0.2761823236942291
gru_s1,test,0.4,2,5175,0.1658109724521637
gru_s1,test,0.4,2,5177,0.5852630734443665
gru_s1,test,0.4,2,5179,0.17940044403076172
gru_s1,test,0.4,2,5180,0.07057551294565201
gru_s1,test,0.4,2,5190,0.449927419424057
gru_s1,test,0.4,2,5195,0.372682124376297
gru_s1,test,0.4,2,5206,0.11034005135297775
gru_s1,test,0.4,2,5212,0.20523473620414734
gru_s1,test,0.4,2,5216,0.6130844950675964
gru_s1,test,0.4,2,5228,0.6685494780540466
gru_s1,test,0.4,2,5233,1.2004411220550537
gru_s1,test,0.4,2,5234,0.7308706045150757
gru_s1,test,0.4,2,6300,0.12767861783504486
gru_s1,test,0.4,2,6306,0.15721170604228973
gru_s1,test,0.4,2,6883,0.25429388880729675
gru_s1,test,0.6,0,5175,0.27006301283836365
gru_s1,test,0.6,0,5177,0.3253505229949951
gru_s1,test,0.6,0,5179,0.18803340196609497
gru_s1,test,0.6,0,5180,0.11886361986398697
gru_s1,test,0.6,0,5190,0.3216347396373749
gru_s1,test,0.6,0,5195,0.44845402240753174
gru_s1,test,0.6,0,5206,0.15934418141841888
gru_s1,test,0.6,0,5212,0.18555259704589844
gru_s1,test,0.6,0,5216,0.7623226046562195
gru_s1,test,0.6,0,5228,0.7538014054298401
gru_s1,test,0.6,0,5233,1.058009147644043
gru_s1,test,0.6,0,5234,0.6225320100784302
gru_s1,test,0.6,0,6300,0.11824687570333481
gru_s1,test,0.6,0,6306,0.2016136199235916
gru_s1,test,0.6,0,6883,0.2843850255012512
gru_s1,test,0.6,1,5175,0.24874520301818848
gru_s1,test,0.6,1,5177,0.3755645453929901
gru_s1,test,0.6,1,5179,0.13621865212917328
gru_s1,test,0.6,1,5180,0.10596070438623428
gru_s1,test,0.6,1,5190,0.2465502917766571
gru_s1,test,0.6,1,5195,0.4310213327407837
gru_s1,test,0.6,1,5206,0.12921853363513947
gru_s1,test,0.6,1,5212,0.11464612931013107
gru_s1,test,0.6,1,5216,0.3815130293369293
gru_s1,test,0.6,1,5228,0.7892873883247375
gru_s1,test,0.6,1,5233,1.0950311422348022
gru_s1,test,0.6,1,5234,0.6968136429786682
gru_s1,test,0.6,1,6300,0.10675784945487976
gru_s1,test,0.6,1,6306,0.1883397400379181
gru_s1,test,0.6,1,6883,0.26334837079048157
gru_s1,test,0.6,2,5175,0.2433890551328659
gru_s1,test,0.6,2,5177,0.4704006314277649
gru_s1,test,0.6,2,5179,0.165683314204216
gru_s1,test,0.6,2,5180,0.13716599345207214
gru_s1,test,0.6,2,5190,0.40408095717430115
gru_s1,test,0.6,2,5195,0.4212905168533325
gru_s1,test,0.6,2,5206,0.13701055943965912
gru_s1,test,0.6,2,5212,0.2101110965013504
gru_s1,test,0.6,2,5216,0.41850700974464417
gru_s1,test,0.6,2,5228,1.0776777267456055
gru_s1,test,0.6,2,5233,0.9732097387313843
gru_s1,test,0.6,2,5234,0.7869716882705688
gru_s1,test,0.6,2,6300,0.12152595818042755
gru_s1,test,0.6,2,6306,0.21015888452529907
gru_s1,test,0.6,2,6883,0.2524206340312958
gru_s2,val,0.2,0,5176,0.1340453177690506
gru_s2,val,0.2,0,5185,0.04038649797439575
gru_s2,val,0.2,0,5199,0.11596187204122543
gru_s2,val,0.2,0,5215,0.06657902896404266
gru_s2,val,0.2,0,5217,0.42271390557289124
gru_s2,val,0.2,0,5221,0.32052794098854065
gru_s2,val,0.2,0,5222,0.09179304540157318
gru_s2,val,0.2,0,5227,1.0899029970169067
gru_s2,val,0.2,0,5232,0.16703857481479645
gru_s2,val,0.2,0,5236,0.35565683245658875
gru_s2,val,0.2,0,5243,0.629517138004303
gru_s2,val,0.2,0,6917,0.09845350682735443
gru_s2,val,0.2,0,6922,0.3630703091621399
gru_s2,val,0.2,0,6923,0.11191380023956299
gru_s2,val,0.2,0,6924,0.20229732990264893
gru_s2,val,0.2,1,5176,0.18977023661136627
gru_s2,val,0.2,1,5185,0.051769983023405075
gru_s2,val,0.2,1,5199,0.1698882132768631
gru_s2,val,0.2,1,5215,0.030529748648405075
gru_s2,val,0.2,1,5217,0.08968952298164368
gru_s2,val,0.2,1,5221,0.28417539596557617
gru_s2,val,0.2,1,5222,0.03732684627175331
gru_s2,val,0.2,1,5227,0.6544305086135864
gru_s2,val,0.2,1,5232,0.10312725603580475
gru_s2,val,0.2,1,5236,0.5773277282714844
gru_s2,val,0.2,1,5243,0.21574871242046356
gru_s2,val,0.2,1,6917,0.10928778350353241
gru_s2,val,0.2,1,6922,0.4451406002044678
gru_s2,val,0.2,1,6923,0.21811042726039886
gru_s2,val,0.2,1,6924,0.18765868246555328
gru_s2,val,0.2,2,5176,0.025713276118040085
gru_s2,val,0.2,2,5185,0.05076499283313751
gru_s2,val,0.2,2,5199,0.1403767317533493
gru_s2,val,0.2,2,5215,0.0800810307264328
gru_s2,val,0.2,2,5217,0.48404571413993835
gru_s2,val,0.2,2,5221,0.24109336733818054
gru_s2,val,0.2,2,5222,0.013915657997131348
gru_s2,val,0.2,2,5227,0.42024049162864685
gru_s2,val,0.2,2,5232,0.26226672530174255
gru_s2,val,0.2,2,5236,0.8721951842308044
gru_s2,val,0.2,2,5243,0.3432765007019043
gru_s2,val,0.2,2,6917,0.010774965398013592
gru_s2,val,0.2,2,6922,0.23116819560527802
gru_s2,val,0.2,2,6923,0.11169472336769104
gru_s2,val,0.2,2,6924,0.19675512611865997
gru_s2,val,0.4,0,5176,0.1837286353111267
gru_s2,val,0.4,0,5185,0.07729977369308472
gru_s2,val,0.4,0,5199,0.1503402292728424
gru_s2,val,0.4,0,5215,0.06769528239965439
gru_s2,val,0.4,0,5217,0.38314181566238403
gru_s2,val,0.4,0,5221,0.7283814549446106
gru_s2,val,0.4,0,5222,0.09733615815639496
gru_s2,val,0.4,0,5227,0.8713052868843079
gru_s2,val,0.4,0,5232,0.3188832700252533
gru_s2,val,0.4,0,5236,0.32511064410209656
gru_s2,val,0.4,0,5243,0.6578534841537476
gru_s2,val,0.4,0,6917,0.0982593223452568
gru_s2,val,0.4,0,6922,0.2869755029678345
gru_s2,val,0.4,0,6923,0.12544973194599152
gru_s2,val,0.4,0,6924,0.12482989579439163
gru_s2,val,0.4,1,5176,0.08757335692644119
gru_s2,val,0.4,1,5185,0.06520423293113708
gru_s2,val,0.4,1,5199,0.1416642814874649
gru_s2,val,0.4,1,5215,0.04929475858807564
gru_s2,val,0.4,1,5217,0.2573028802871704
gru_s2,val,0.4,1,5221,0.5716733336448669
gru_s2,val,0.4,1,5222,0.09372026473283768
gru_s2,val,0.4,1,5227,1.004492163658142
gru_s2,val,0.4,1,5232,0.27109217643737793
gru_s2,val,0.4,1,5236,0.2170553207397461
gru_s2,val,0.4,1,5243,0.6797459721565247
gru_s2,val,0.4,1,6917,0.15883038938045502
gru_s2,val,0.4,1,6922,0.12197105586528778
gru_s2,val,0.4,1,6923,0.22678464651107788
gru_s2,val,0.4,1,6924,0.13760605454444885
gru_s2,val,0.4,2,5176,0.17316997051239014
gru_s2,val,0.4,2,5185,0.05752798169851303
gru_s2,val,0.4,2,5199,0.12843698263168335
gru_s2,val,0.4,2,5215,0.06033299118280411
gru_s2,val,0.4,2,5217,0.2531481087207794
gru_s2,val,0.4,2,5221,0.34083130955696106
gru_s2,val,0.4,2,5222,0.04480508342385292
gru_s2,val,0.4,2,5227,0.41305485367774963
gru_s2,val,0.4,2,5232,0.3530956506729126
gru_s2,val,0.4,2,5236,0.7738627195358276
gru_s2,val,0.4,2,5243,0.6480563282966614
gru_s2,val,0.4,2,6917,0.09279663115739822
gru_s2,val,0.4,2,6922,0.39603322744369507
gru_s2,val,0.4,2,6923,0.1125444769859314
gru_s2,val,0.4,2,6924,0.1854667216539383
gru_s2,val,0.6,0,5176,0.09554488956928253
gru_s2,val,0.6,0,5185,0.057529523968696594
gru_s2,val,0.6,0,5199,0.19232837855815887
gru_s2,val,0.6,0,5215,0.07027116417884827
gru_s2,val,0.6,0,5217,0.30159637331962585
gru_s2,val,0.6,0,5221,0.4348489046096802
gru_s2,val,0.6,0,5222,0.06897115707397461
gru_s2,val,0.6,0,5227,0.8862584829330444
gru_s2,val,0.6,0,5232,0.36406293511390686
gru_s2,val,0.6,0,5236,0.6227049231529236
gru_s2,val,0.6,0,5243,0.5949478149414062
gru_s2,val,0.6,0,6917,0.08022211492061615
gru_s2,val,0.6,0,6922,0.28243720531463623
gru_s2,val,0.6,0,6923,0.1349068582057953
gru_s2,val,0.6,0,6924,0.24544766545295715
gru_s2,val,0.6,1,5176,0.15104663372039795
gru_s2,val,0.6,1,5185,0.058396607637405396
gru_s2,val,0.6,1,5199,0.14335095882415771
gru_s2,val,0.6,1,5215,0.044001124799251556
gru_s2,val,0.6,1,5217,0.3686710298061371
gru_s2,val,0.6,1,5221,0.5927945971488953
gru_s2,val,0.6,1,5222,0.13653600215911865
gru_s2,val,0.6,1,5227,0.9360893368721008
gru_s2,val,0.6,1,5232,0.31818658113479614
gru_s2,val,0.6,1,5236,0.5788707733154297
gru_s2,val,0.6,1,5243,0.4096298813819885
gru_s2,val,0.6,1,6917,0.17085027694702148
gru_s2,val,0.6,1,6922,0.22368943691253662
gru_s2,val,0.6,1,6923,0.19947263598442078
gru_s2,val,0.6,1,6924,0.229704350233078
gru_s2,val,0.6,2,5176,0.178997203707695
gru_s2,val,0.6,2,5185,0.07865557074546814
gru_s2,val,0.6,2,5199,0.1808183491230011
gru_s2,val,0.6,2,5215,0.07951056957244873
gru_s2,val,0.6,2,5217,0.4251929819583893
gru_s2,val,0.6,2,5221,0.4987134635448456
gru_s2,val,0.6,2,5222,0.07674764841794968
gru_s2,val,0.6,2,5227,0.8653485774993896
gru_s2,val,0.6,2,5232,0.2584559917449951
gru_s2,val,0.6,2,5236,0.5396566987037659
gru_s2,val,0.6,2,5243,0.8571645617485046
gru_s2,val,0.6,2,6917,0.150926411151886
gru_s2,val,0.6,2,6922,0.16143342852592468
gru_s2,val,0.6,2,6923,0.1727869063615799
gru_s2,val,0.6,2,6924,0.4853346347808838
gru_s2,test,0.2,0,5175,0.08874345570802689
gru_s2,test,0.2,0,5177,0.4327131509780884
gru_s2,test,0.2,0,5179,0.07281815260648727
gru_s2,test,0.2,0,5180,0.2135988473892212
gru_s2,test,0.2,0,5190,0.6500157713890076
gru_s2,test,0.2,0,5195,0.3730188310146332
gru_s2,test,0.2,0,5206,0.17184655368328094
gru_s2,test,0.2,0,5212,0.22820094227790833
gru_s2,test,0.2,0,5216,0.27440401911735535
gru_s2,test,0.2,0,5228,1.104628086090088
gru_s2,test,0.2,0,5233,0.5671864151954651
gru_s2,test,0.2,0,5234,0.09096407145261765
gru_s2,test,0.2,0,6300,0.10421550273895264
gru_s2,test,0.2,0,6306,0.2196817249059677
gru_s2,test,0.2,0,6883,0.19061100482940674
gru_s2,test,0.2,1,5175,0.22877973318099976
gru_s2,test,0.2,1,5177,0.5942506194114685
gru_s2,test,0.2,1,5179,0.11678537726402283
gru_s2,test,0.2,1,5180,0.09598493576049805
gru_s2,test,0.2,1,5190,0.3113866150379181
gru_s2,test,0.2,1,5195,0.3196881115436554
gru_s2,test,0.2,1,5206,0.05165582522749901
gru_s2,test,0.2,1,5212,0.09990155696868896
gru_s2,test,0.2,1,5216,0.7784684896469116
gru_s2,test,0.2,1,5228,0.3073011040687561
gru_s2,test,0.2,1,5233,1.1076738834381104
gru_s2,test,0.2,1,5234,0.6919642686843872
gru_s2,test,0.2,1,6300,0.12524688243865967
gru_s2,test,0.2,1,6306,0.2501140534877777
gru_s2,test,0.2,1,6883,0.26732367277145386
gru_s2,test,0.2,2,5175,0.1605576127767563
gru_s2,test,0.2,2,5177,0.6461724042892456
gru_s2,test,0.2,2,5179,0.17293381690979004
gru_s2,test,0.2,2,5180,0.14916041493415833
gru_s2,test,0.2,2,5190,0.638262152671814
gru_s2,test,0.2,2,5195,0.6515147089958191
gru_s2,test,0.2,2,5206,0.06529687345027924
gru_s2,test,0.2,2,5212,0.21263252198696136
gru_s2,test,0.2,2,5216,0.49381589889526367
gru_s2,test,0.2,2,5228,1.630313515663147
gru_s2,test,0.2,2,5233,0.428181529045105
gru_s2,test,0.2,2,5234,0.4949977993965149
gru_s2,test,0.2,2,6300,0.07806454598903656
gru_s2,test,0.2,2,6306,0.022282913327217102
gru_s2,test,0.2,2,6883,0.21464799344539642
gru_s2,test,0.4,0,5175,0.1792464554309845
gru_s2,test,0.4,0,5177,0.16842730343341827
gru_s2,test,0.4,0,5179,0.09848467260599136
gru_s2,test,0.4,0,5180,0.11535079032182693
gru_s2,test,0.4,0,5190,0.23131871223449707
gru_s2,test,0.4,0,5195,0.36804741621017456
gru_s2,test,0.4,0,5206,0.13584338128566742
gru_s2,test,0.4,0,5212,0.20509862899780273
gru_s2,test,0.4,0,5216,0.9042514562606812
gru_s2,test,0.4,0,5228,0.7397681474685669
gru_s2,test,0.4,0,5233,1.1633723974227905
gru_s2,test,0.4,0,5234,0.6530875563621521
gru_s2,test,0.4,0,6300,0.15522940456867218
gru_s2,test,0.4,0,6306,0.13889053463935852
gru_s2,test,0.4,0,6883,0.23325461149215698
gru_s2,test,0.4,1,5175,0.17026670277118683
gru_s2,test,0.4,1,5177,0.46432846784591675
gru_s2,test,0.4,1,5179,0.1820755898952484
gru_s2,test,0.4,1,5180,0.12272261828184128
gru_s2,test,0.4,1,5190,0.5447269082069397
gru_s2,test,0.4,1,5195,0.3547191619873047
gru_s2,test,0.4,1,5206,0.15868960320949554
gru_s2,test,0.4,1,5212,0.2627749443054199
gru_s2,test,0.4,1,5216,0.38506126403808594
gru_s2,test,0.4,1,5228,0.6830922961235046
gru_s2,test,0.4,1,5233,0.8663430213928223
gru_s2,test,0.4,1,5234,0.5711633563041687
gru_s2,test,0.4,1,6300,0.13868343830108643
gru_s2,test,0.4,1,6306,0.17005755007266998
gru_s2,test,0.4,1,6883,0.230692058801651
gru_s2,test,0.4,2,5175,0.15890145301818848
gru_s2,test,0.4,2,5177,0.6086223125457764
gru_s2,test,0.4,2,5179,0.16307778656482697
gru_s2,test,0.4,2,5180,0.07321161776781082
gru_s2,test,0.4,2,5190,0.46481290459632874
gru_s2,test,0.4,2,5195,0.3752230107784271
gru_s2,test,0.4,2,5206,0.1063857302069664
gru_s2,test,0.4,2,5212,0.20783042907714844
gru_s2,test,0.4,2,5216,0.6463781595230103
gru_s2,test,0.4,2,5228,0.6865895986557007
gru_s2,test,0.4,2,5233,1.2118420600891113
gru_s2,test,0.4,2,5234,0.755034863948822
gru_s2,test,0.4,2,6300,0.11949487775564194
gru_s2,test,0.4,2,6306,0.15413720905780792
gru_s2,test,0.4,2,6883,0.21383696794509888
gru_s2,test,0.6,0,5175,0.2954019010066986
gru_s2,test,0.6,0,5177,0.34138625860214233
gru_s2,test,0.6,0,5179,0.16609333455562592
gru_s2,test,0.6,0,5180,0.1412554830312729
gru_s2,test,0.6,0,5190,0.3295753300189972
gru_s2,test,0.6,0,5195,0.4556436538696289
gru_s2,test,0.6,0,5206,0.1649833470582962
gru_s2,test,0.6,0,5212,0.17878341674804688
gru_s2,test,0.6,0,5216,0.7872993350028992
gru_s2,test,0.6,0,5228,0.7761823534965515
gru_s2,test,0.6,0,5233,1.0915744304656982
gru_s2,test,0.6,0,5234,0.6560211181640625
gru_s2,test,0.6,0,6300,0.10394438356161118
gru_s2,test,0.6,0,6306,0.20380741357803345
gru_s2,test,0.6,0,6883,0.24132709205150604
gru_s2,test,0.6,1,5175,0.24952641129493713
gru_s2,test,0.6,1,5177,0.4001835286617279
gru_s2,test,0.6,1,5179,0.11261478811502457
gru_s2,test,0.6,1,5180,0.11531968414783478
gru_s2,test,0.6,1,5190,0.24915975332260132
gru_s2,test,0.6,1,5195,0.4391356110572815
gru_s2,test,0.6,1,5206,0.13268277049064636
gru_s2,test,0.6,1,5212,0.11482832580804825
gru_s2,test,0.6,1,5216,0.40961313247680664
gru_s2,test,0.6,1,5228,0.8136373162269592
gru_s2,test,0.6,1,5233,1.1235536336898804
gru_s2,test,0.6,1,5234,0.7299962043762207
gru_s2,test,0.6,1,6300,0.09626349061727524
gru_s2,test,0.6,1,6306,0.22892682254314423
gru_s2,test,0.6,1,6883,0.2205219566822052
gru_s2,test,0.6,2,5175,0.23651409149169922
gru_s2,test,0.6,2,5177,0.49102848768234253
gru_s2,test,0.6,2,5179,0.1542767882347107
gru_s2,test,0.6,2,5180,0.1393076628446579
gru_s2,test,0.6,2,5190,0.41932177543640137
gru_s2,test,0.6,2,5195,0.4368426501750946
gru_s2,test,0.6,2,5206,0.14418278634548187
gru_s2,test,0.6,2,5212,0.21217630803585052
gru_s2,test,0.6,2,5216,0.4425678253173828
gru_s2,test,0.6,2,5228,1.1096148490905762
gru_s2,test,0.6,2,5233,0.9981490969657898
gru_s2,test,0.6,2,5234,0.8221867084503174
gru_s2,test,0.6,2,6300,0.12056034803390503
gru_s2,test,0.6,2,6306,0.22588887810707092
gru_s2,test,0.6,2,6883,0.20948386192321777
lstm_s0,val,0.2,0,5176,0.21454155445098877
lstm_s0,val,0.2,0,5185,0.01881365478038788
lstm_s0,val,0.2,0,5199,0.02406812459230423
lstm_s0,val,0.2,0,5215,0.05406162142753601
lstm_s0,val,0.2,0,5217,0.5758939981460571
lstm_s0,val,0.2,0,5221,0.35072794556617737
lstm_s0,val,0.2,0,5222,0.02918417379260063
lstm_s0,val,0.2,0,5227,0.7571199536323547
lstm_s0,val,0.2,0,5232,0.1403493881225586
lstm_s0,val,0.2,0,5236,0.3917529881000519
lstm_s0,val,0.2,0,5243,0.46321043372154236
lstm_s0,val,0.2,0,6917,0.03093978762626648
lstm_s0,val,0.2,0,6922,0.16690531373023987
lstm_s0,val,0.2,0,6923,0.12784191966056824
lstm_s0,val,0.2,0,6924,0.20639093220233917
lstm_s0,val,0.2,1,5176,0.21560436487197876
lstm_s0,val,0.2,1,5185,0.009777679108083248
lstm_s0,val,0.2,1,5199,0.036500684916973114
lstm_s0,val,0.2,1,5215,0.08790352195501328
lstm_s0,val,0.2,1,5217,0.10780707001686096
lstm_s0,val,0.2,1,5221,0.34262993931770325
lstm_s0,val,0.2,1,5222,0.025827258825302124
lstm_s0,val,0.2,1,5227,0.6627025604248047
lstm_s0,val,0.2,1,5232,0.17256921529769897
lstm_s0,val,0.2,1,5236,0.5601252913475037
lstm_s0,val,0.2,1,5243,0.17389161884784698
lstm_s0,val,0.2,1,6917,0.022418184205889702
lstm_s0,val,0.2,1,6922,0.18055075407028198
lstm_s0,val,0.2,1,6923,0.13314437866210938
lstm_s0,val,0.2,1,6924,0.21543914079666138
lstm_s0,val,0.2,2,5176,0.03732115030288696
lstm_s0,val,0.2,2,5185,0.015142126008868217
lstm_s0,val,0.2,2,5199,0.02874269150197506
lstm_s0,val,0.2,2,5215,0.0438421368598938
lstm_s0,val,0.2,2,5217,0.5552411675453186
lstm_s0,val,0.2,2,5221,0.39410051703453064
lstm_s0,val,0.2,2,5222,0.018969807773828506
lstm_s0,val,0.2,2,5227,0.40097570419311523
lstm_s0,val,0.2,2,5232,0.2720975875854492
lstm_s0,val,0.2,2,5236,0.6802338361740112
lstm_s0,val,0.2,2,5243,0.313790887594223
lstm_s0,val,0.2,2,6917,0.06807353347539902
lstm_s0,val,0.2,2,6922,0.040991008281707764
lstm_s0,val,0.2,2,6923,0.12823228538036346
lstm_s0,val,0.2,2,6924,0.18519745767116547
lstm_s0,val,0.4,0,5176,0.21954236924648285
lstm_s0,val,0.4,0,5185,0.02693411335349083
lstm_s0,val,0.4,0,5199,0.04566040262579918
lstm_s0,val,0.4,0,5215,0.06806573271751404
lstm_s0,val,0.4,0,5217,0.5032767653465271
lstm_s0,val,0.4,0,5221,0.9003918766975403
lstm_s0,val,0.4,0,5222,0.02199605666100979
lstm_s0,val,0.4,0,5227,0.6491304636001587
lstm_s0,val,0.4,0,5232,0.2878343164920807
lstm_s0,val,0.4,0,5236,0.3924676775932312
lstm_s0,val,0.4,0,5243,0.6826850771903992
lstm_s0,val,0.4,0,6917,0.04901451990008354
lstm_s0,val,0.4,0,6922,0.1174103245139122
lstm_s0,val,0.4,0,6923,0.1498526930809021
lstm_s0,val,0.4,0,6924,0.13531480729579926
lstm_s0,val,0.4,1,5176,0.16883225739002228
lstm_s0,val,0.4,1,5185,0.01728653348982334
lstm_s0,val,0.4,1,5199,0.031937066465616226
lstm_s0,val,0.4,1,5215,0.06840772926807404
lstm_s0,val,0.4,1,5217,0.3288685381412506
lstm_s0,val,0.4,1,5221,0.7416759133338928
lstm_s0,val,0.4,1,5222,0.022638779133558273
lstm_s0,val,0.4,1,5227,0.978961706161499
lstm_s0,val,0.4,1,5232,0.3768211007118225
lstm_s0,val,0.4,1,5236,0.2471732646226883
lstm_s0,val,0.4,1,5243,0.6208333969116211
lstm_s0,val,0.4,1,6917,0.05852269008755684
lstm_s0,val,0.4,1,6922,0.07489679008722305
lstm_s0,val,0.4,1,6923,0.30595120787620544
lstm_s0,val,0.4,1,6924,0.14628852903842926
lstm_s0,val,0.4,2,5176,0.18824023008346558
lstm_s0,val,0.4,2,5185,0.016790179535746574
lstm_s0,val,0.4,2,5199,0.027372775599360466
lstm_s0,val,0.4,2,5215,0.05483972281217575
lstm_s0,val,0.4,2,5217,0.3890254497528076
lstm_s0,val,0.4,2,5221,0.49745768308639526
lstm_s0,val,0.4,2,5222,0.02989238128066063
lstm_s0,val,0.4,2,5227,0.3740054666996002
lstm_s0,val,0.4,2,5232,0.3588961064815521
lstm_s0,val,0.4,2,5236,0.6484254598617554
lstm_s0,val,0.4,2,5243,0.639114499092102
lstm_s0,val,0.4,2,6917,0.03555001690983772
lstm_s0,val,0.4,2,6922,0.286295086145401
lstm_s0,val,0.4,2,6923,0.13770075142383575
lstm_s0,val,0.4,2,6924,0.1649249643087387
lstm_s0,val,0.6,0,5176,0.1682048738002777
lstm_s0,val,0.6,0,5185,0.0296546071767807
lstm_s0,val,0.6,0,5199,0.05125155299901962
lstm_s0,val,0.6,0,5215,0.07399460673332214
lstm_s0,val,0.6,0,5217,0.4128739833831787
lstm_s0,val,0.6,0,5221,0.5603991746902466
lstm_s0,val,0.6,0,5222,0.060999687761068344
lstm_s0,val,0.6,0,5227,0.7898677587509155
lstm_s0,val,0.6,0,5232,0.5320315957069397
lstm_s0,val,0.6,0,5236,0.5967234969139099
lstm_s0,val,0.6,0,5243,0.6460590362548828
lstm_s0,val,0.6,0,6917,0.08152039349079132
lstm_s0,val,0.6,0,6922,0.15640433132648468
lstm_s0,val,0.6,0,6923,0.15954382717609406
lstm_s0,val,0.6,0,6924,0.2616346478462219
lstm_s0,val,0.6,1,5176,0.23276694118976593
lstm_s0,val,0.6,1,5185,0.03692241013050079
lstm_s0,val,0.6,1,5199,0.04688238352537155
lstm_s0,val,0.6,1,5215,0.09052039682865143
lstm_s0,val,0.6,1,5217,0.5314593315124512
lstm_s0,val,0.6,1,5221,0.8386759757995605
lstm_s0,val,0.6,1,5222,0.04370121285319328
lstm_s0,val,0.6,1,5227,0.9675068855285645
lstm_s0,val,0.6,1,5232,0.39990758895874023
lstm_s0,val,0.6,1,5236,0.5708519220352173
lstm_s0,val,0.6,1,5243,0.5267676115036011
lstm_s0,val,0.6,1,6917,0.13686518371105194
lstm_s0,val,0.6,1,6922,0.09960401058197021
lstm_s0,val,0.6,1,6923,0.2826944589614868
lstm_s0,val,0.6,1,6924,0.2132064551115036
lstm_s0,val,0.6,2,5176,0.23021483421325684
lstm_s0,val,0.6,2,5185,0.09299010038375854
lstm_s0,val,0.6,2,5199,0.09594748169183731
lstm_s0,val,0.6,2,5215,0.04337863251566887
lstm_s0,val,0.6,2,5217,0.6635781526565552
lstm_s0,val,0.6,2,5221,0.6632248163223267
lstm_s0,val,0.6,2,5222,0.024654144421219826
lstm_s0,val,0.6,2,5227,0.6292779445648193
lstm_s0,val,0.6,2,5232,0.3071797490119934
lstm_s0,val,0.6,2,5236,0.5877971053123474
lstm_s0,val,0.6,2,5243,1.0580564737319946
lstm_s0,val,0.6,2,6917,0.05594845488667488
lstm_s0,val,0.6,2,6922,0.10517298430204391
lstm_s0,val,0.6,2,6923,0.24258218705654144
lstm_s0,val,0.6,2,6924,0.645458996295929
lstm_s0,test,0.2,0,5175,0.028495758771896362
lstm_s0,test,0.2,0,5177,0.10733705759048462
lstm_s0,test,0.2,0,5179,0.050713978707790375
lstm_s0,test,0.2,0,5180,0.045985497534275055
lstm_s0,test,0.2,0,5190,0.39990514516830444
lstm_s0,test,0.2,0,5195,0.10986509919166565
lstm_s0,test,0.2,0,5206,0.05914820358157158
lstm_s0,test,0.2,0,5212,0.028252532705664635
lstm_s0,test,0.2,0,5216,0.23365353047847748
lstm_s0,test,0.2,0,5228,0.5832211375236511
lstm_s0,test,0.2,0,5233,0.20768171548843384
lstm_s0,test,0.2,0,5234,0.13005368411540985
lstm_s0,test,0.2,0,6300,0.03383559733629227
lstm_s0,test,0.2,0,6306,0.08187422901391983
lstm_s0,test,0.2,0,6883,0.6125885844230652
lstm_s0,test,0.2,1,5175,0.03555379435420036
lstm_s0,test,0.2,1,5177,0.12836213409900665
lstm_s0,test,0.2,1,5179,0.08638140559196472
lstm_s0,test,0.2,1,5180,0.03462111949920654
lstm_s0,test,0.2,1,5190,0.23657920956611633
lstm_s0,test,0.2,1,5195,0.09047494828701019
lstm_s0,test,0.2,1,5206,0.05257701873779297
lstm_s0,test,0.2,1,5212,0.016152556985616684
lstm_s0,test,0.2,1,5216,0.5585058331489563
lstm_s0,test,0.2,1,5228,0.15746206045150757
lstm_s0,test,0.2,1,5233,0.4099560081958771
lstm_s0,test,0.2,1,5234,0.4164500832557678
lstm_s0,test,0.2,1,6300,0.026324093341827393
lstm_s0,test,0.2,1,6306,0.11985187977552414
lstm_s0,test,0.2,1,6883,0.6443397402763367
lstm_s0,test,0.2,2,5175,0.043947733938694
lstm_s0,test,0.2,2,5177,0.12087031453847885
lstm_s0,test,0.2,2,5179,0.0566803440451622
lstm_s0,test,0.2,2,5180,0.03263510391116142
lstm_s0,test,0.2,2,5190,0.31632906198501587
lstm_s0,test,0.2,2,5195,0.08774419873952866
lstm_s0,test,0.2,2,5206,0.040495604276657104
lstm_s0,test,0.2,2,5212,0.02447117678821087
lstm_s0,test,0.2,2,5216,0.4850350022315979
lstm_s0,test,0.2,2,5228,0.6738577485084534
lstm_s0,test,0.2,2,5233,0.1523384153842926
lstm_s0,test,0.2,2,5234,0.3915944993495941
lstm_s0,test,0.2,2,6300,0.01823633722960949
lstm_s0,test,0.2,2,6306,0.041753657162189484
lstm_s0,test,0.2,2,6883,0.6547995805740356
lstm_s0,test,0.4,0,5175,0.08696525543928146
lstm_s0,test,0.4,0,5177,0.10962569713592529
lstm_s0,test,0.4,0,5179,0.01892075128853321
lstm_s0,test,0.4,0,5180,0.0417451411485672
lstm_s0,test,0.4,0,5190,0.20188379287719727
lstm_s0,test,0.4,0,5195,0.08468209207057953
lstm_s0,test,0.4,0,5206,0.0443367138504982
lstm_s0,test,0.4,0,5212,0.0233200304210186
lstm_s0,test,0.4,0,5216,0.5609707832336426
lstm_s0,test,0.4,0,5228,0.4244024157524109
lstm_s0,test,0.4,0,5233,0.418837308883667
lstm_s0,test,0.4,0,5234,0.4184557795524597
lstm_s0,test,0.4,0,6300,0.031233249232172966
lstm_s0,test,0.4,0,6306,0.062100060284137726
lstm_s0,test,0.4,0,6883,0.594610333442688
lstm_s0,test,0.4,1,5175,0.032999373972415924
lstm_s0,test,0.4,1,5177,0.11634852737188339
lstm_s0,test,0.4,1,5179,0.06014713644981384
lstm_s0,test,0.4,1,5180,0.0340031273663044
lstm_s0,test,0.4,1,5190,0.2874346375465393
lstm_s0,test,0.4,1,5195,0.08017583936452866
lstm_s0,test,0.4,1,5206,0.07240883260965347
lstm_s0,test,0.4,1,5212,0.022115513682365417
lstm_s0,test,0.4,1,5216,0.4083453416824341
lstm_s0,test,0.4,1,5228,0.3673247992992401
lstm_s0,test,0.4,1,5233,0.45490479469299316
lstm_s0,test,0.4,1,5234,0.3601779639720917
lstm_s0,test,0.4,1,6300,0.0267245601862669
lstm_s0,test,0.4,1,6306,0.09916310757398605
lstm_s0,test,0.4,1,6883,0.4367893934249878
lstm_s0,test,0.4,2,5175,0.02593504823744297
lstm_s0,test,0.4,2,5177,0.1674608737230301
lstm_s0,test,0.4,2,5179,0.051841363310813904
lstm_s0,test,0.4,2,5180,0.041700705885887146
lstm_s0,test,0.4,2,5190,0.2797340452671051
lstm_s0,test,0.4,2,5195,0.12391889095306396
lstm_s0,test,0.4,2,5206,0.04173234477639198
lstm_s0,test,0.4,2,5212,0.02833806537091732
lstm_s0,test,0.4,2,5216,0.5021373629570007
lstm_s0,test,0.4,2,5228,0.3431248664855957
lstm_s0,test,0.4,2,5233,0.42505037784576416
lstm_s0,test,0.4,2,5234,0.47966957092285156
lstm_s0,test,0.4,2,6300,0.033002790063619614
lstm_s0,test,0.4,2,6306,0.07258378714323044
lstm_s0,test,0.4,2,6883,0.5374323725700378
lstm_s0,test,0.6,0,5175,0.20548230409622192
lstm_s0,test,0.6,0,5177,0.17991170287132263
lstm_s0,test,0.6,0,5179,0.048417963087558746
lstm_s0,test,0.6,0,5180,0.13433504104614258
lstm_s0,test,0.6,0,5190,0.2490142583847046
lstm_s0,test,0.6,0,5195,0.12153744697570801
lstm_s0,test,0.6,0,5206,0.05945224687457085
lstm_s0,test,0.6,0,5212,0.019864408299326897
lstm_s0,test,0.6,0,5216,0.49697616696357727
lstm_s0,test,0.6,0,5228,0.40826931595802307
lstm_s0,test,0.6,0,5233,0.6187886595726013
lstm_s0,test,0.6,0,5234,0.5302448272705078
lstm_s0,test,0.6,0,6300,0.035272445529699326
lstm_s0,test,0.6,0,6306,0.07722149044275284
lstm_s0,test,0.6,0,6883,0.5267489552497864
lstm_s0,test,0.6,1,5175,0.08267872780561447
lstm_s0,test,0.6,1,5177,0.23007702827453613
lstm_s0,test,0.6,1,5179,0.03013162687420845
lstm_s0,test,0.6,1,5180,0.06493708491325378
lstm_s0,test,0.6,1,5190,0.19808368384838104
lstm_s0,test,0.6,1,5195,0.12842589616775513
lstm_s0,test,0.6,1,5206,0.05650506913661957
lstm_s0,test,0.6,1,5212,0.022778593003749847
lstm_s0,test,0.6,1,5216,0.41541561484336853
lstm_s0,test,0.6,1,5228,0.415077805519104
lstm_s0,test,0.6,1,5233,0.5532840490341187
lstm_s0,test,0.6,1,5234,0.5673438906669617
lstm_s0,test,0.6,1,6300,0.01774120144546032
lstm_s0,test,0.6,1,6306,0.3055514097213745
lstm_s0,test,0.6,1,6883,0.460043340921402
lstm_s0,test,0.6,2,5175,0.03838581219315529
lstm_s0,test,0.6,2,5177,0.1718200147151947
lstm_s0,test,0.6,2,5179,0.04286620393395424
lstm_s0,test,0.6,2,5180,0.03517625480890274
lstm_s0,test,0.6,2,5190,0.25406119227409363
lstm_s0,test,0.6,2,5195,0.14651528000831604
lstm_s0,test,0.6,2,5206,0.07217463850975037
lstm_s0,test,0.6,2,5212,0.025193849578499794
lstm_s0,test,0.6,2,5216,0.3925570249557495
lstm_s0,test,0.6,2,5228,0.5605084300041199
lstm_s0,test,0.6,2,5233,0.46783116459846497
lstm_s0,test,0.6,2,5234,0.5855675339698792
lstm_s0,test,0.6,2,6300,0.018780646845698357
lstm_s0,test,0.6,2,6306,0.17274029552936554
lstm_s0,test,0.6,2,6883,0.4441986680030823
lstm_s1,val,0.2,0,5176,0.2027944177389145
lstm_s1,val,0.2,0,5185,0.0129335792735219
lstm_s1,val,0.2,0,5199,0.02475496008992195
lstm_s1,val,0.2,0,5215,0.04003812372684479
lstm_s1,val,0.2,0,5217,0.5630055665969849
lstm_s1,val,0.2,0,5221,0.33377784490585327
lstm_s1,val,0.2,0,5222,0.012358706444501877
lstm_s1,val,0.2,0,5227,0.8515702486038208
lstm_s1,val,0.2,0,5232,0.1480817347764969
lstm_s1,val,0.2,0,5236,0.39683523774147034
lstm_s1,val,0.2,0,5243,0.49732324481010437
lstm_s1,val,0.2,0,6917,0.00953186210244894
lstm_s1,val,0.2,0,6922,0.21488061547279358
lstm_s1,val,0.2,0,6923,0.1094592809677124
lstm_s1,val,0.2,0,6924,0.20936763286590576
lstm_s1,val,0.2,1,5176,0.21594400703907013
lstm_s1,val,0.2,1,5185,0.006860749330371618
lstm_s1,val,0.2,1,5199,0.04100086912512779
lstm_s1,val,0.2,1,5215,0.077417753636837
lstm_s1,val,0.2,1,5217,0.0789991244673729
lstm_s1,val,0.2,1,5221,0.3148573637008667
lstm_s1,val,0.2,1,5222,0.012963383458554745
lstm_s1,val,0.2,1,5227,0.6858032941818237
lstm_s1,val,0.2,1,5232,0.1560533046722412
lstm_s1,val,0.2,1,5236,0.5952786803245544
lstm_s1,val,0.2,1,5243,0.16421924531459808
lstm_s1,val,0.2,1,6917,0.0035590683110058308
lstm_s1,val,0.2,1,6922,0.2529301345348358
lstm_s1,val,0.2,1,6923,0.12829340994358063
lstm_s1,val,0.2,1,6924,0.21472415328025818
lstm_s1,val,0.2,2,5176,0.023744486272335052
lstm_s1,val,0.2,2,5185,0.011646456085145473
lstm_s1,val,0.2,2,5199,0.03539353236556053
lstm_s1,val,0.2,2,5215,0.02632232755422592
lstm_s1,val,0.2,2,5217,0.5503654479980469
lstm_s1,val,0.2,2,5221,0.35888609290122986
lstm_s1,val,0.2,2,5222,0.00619245832785964
lstm_s1,val,0.2,2,5227,0.40448227524757385
lstm_s1,val,0.2,2,5232,0.2740643322467804
lstm_s1,val,0.2,2,5236,0.7542303204536438
lstm_s1,val,0.2,2,5243,0.3078860640525818
lstm_s1,val,0.2,2,6917,0.04566194862127304
lstm_s1,val,0.2,2,6922,0.03237808495759964
lstm_s1,val,0.2,2,6923,0.11525461077690125
lstm_s1,val,0.2,2,6924,0.18056923151016235
lstm_s1,val,0.4,0,5176,0.2154923528432846
lstm_s1,val,0.4,0,5185,0.030285000801086426
lstm_s1,val,0.4,0,5199,0.05509570240974426
lstm_s1,val,0.4,0,5215,0.04698662459850311
lstm_s1,val,0.4,0,5217,0.491843581199646
lstm_s1,val,0.4,0,5221,0.8735597133636475
lstm_s1,val,0.4,0,5222,0.007849235087633133
lstm_s1,val,0.4,0,5227,0.7077357769012451
lstm_s1,val,0.4,0,5232,0.30813366174697876
lstm_s1,val,0.4,0,5236,0.3910371959209442
lstm_s1,val,0.4,0,5243,0.6777395009994507
lstm_s1,val,0.4,0,6917,0.02974802255630493
lstm_s1,val,0.4,0,6922,0.15919940173625946
lstm_s1,val,0.4,0,6923,0.13518045842647552
lstm_s1,val,0.4,0,6924,0.11549382656812668
lstm_s1,val,0.4,1,5176,0.14618369936943054
lstm_s1,val,0.4,1,5185,0.014401611872017384
lstm_s1,val,0.4,1,5199,0.03207596763968468
lstm_s1,val,0.4,1,5215,0.0470406711101532
lstm_s1,val,0.4,1,5217,0.30366817116737366
lstm_s1,val,0.4,1,5221,0.6982987523078918
lstm_s1,val,0.4,1,5222,0.008321613073348999
lstm_s1,val,0.4,1,5227,1.01310396194458
lstm_s1,val,0.4,1,5232,0.36035436391830444
lstm_s1,val,0.4,1,5236,0.24481160938739777
lstm_s1,val,0.4,1,5243,0.6483599543571472
lstm_s1,val,0.4,1,6917,0.03879795968532562
lstm_s1,val,0.4,1,6922,0.07701569050550461
lstm_s1,val,0.4,1,6923,0.2664736807346344
lstm_s1,val,0.4,1,6924,0.13660983741283417
lstm_s1,val,0.4,2,5176,0.18629984557628632
lstm_s1,val,0.4,2,5185,0.015456736087799072
lstm_s1,val,0.4,2,5199,0.02645116113126278
lstm_s1,val,0.4,2,5215,0.03837129473686218
lstm_s1,val,0.4,2,5217,0.3593349754810333
lstm_s1,val,0.4,2,5221,0.4597264230251312
lstm_s1,val,0.4,2,5222,0.011867012828588486
lstm_s1,val,0.4,2,5227,0.3662617802619934
lstm_s1,val,0.4,2,5232,0.3734906017780304
lstm_s1,val,0.4,2,5236,0.7096948027610779
lstm_s1,val,0.4,2,5243,0.6551209688186646
lstm_s1,val,0.4,2,6917,0.015886003151535988
lstm_s1,val,0.4,2,6922,0.3012874722480774
lstm_s1,val,0.4,2,6923,0.11817356199026108
lstm_s1,val,0.4,2,6924,0.1595630794763565
lstm_s1,val,0.6,0,5176,0.15140023827552795
lstm_s1,val,0.6,0,5185,0.026081541553139687
lstm_s1,val,0.6,0,5199,0.06218499690294266
lstm_s1,val,0.6,0,5215,0.05044735595583916
lstm_s1,val,0.6,0,5217,0.3925230801105499
lstm_s1,val,0.6,0,5221,0.5328473448753357
lstm_s1,val,0.6,0,5222,0.02973185107111931
lstm_s1,val,0.6,0,5227,0.8178911805152893
lstm_s1,val,0.6,0,5232,0.5050082802772522
lstm_s1,val,0.6,0,5236,0.6276620030403137
lstm_s1,val,0.6,0,5243,0.6492708325386047
lstm_s1,val,0.6,0,6917,0.04994024708867073
lstm_s1,val,0.6,0,6922,0.1746506243944168
lstm_s1,val,0.6,0,6923,0.14048391580581665
lstm_s1,val,0.6,0,6924,0.2452806830406189
lstm_s1,val,0.6,1,5176,0.21318401396274567
lstm_s1,val,0.6,1,5185,0.030415967106819153
lstm_s1,val,0.6,1,5199,0.052212104201316833
lstm_s1,val,0.6,1,5215,0.061419107019901276
lstm_s1,val,0.6,1,5217,0.49578189849853516
lstm_s1,val,0.6,1,5221,0.7835533022880554
lstm_s1,val,0.6,1,5222,0.02390827052295208
lstm_s1,val,0.6,1,5227,0.9733893871307373
lstm_s1,val,0.6,1,5232,0.39561474323272705
lstm_s1,val,0.6,1,5236,0.5954261422157288
lstm_s1,val,0.6,1,5243,0.5059216022491455
lstm_s1,val,0.6,1,6917,0.08266780525445938
lstm_s1,val,0.6,1,6922,0.1172977164387703
lstm_s1,val,0.6,1,6923,0.24663275480270386
lstm_s1,val,0.6,1,6924,0.20669347047805786
lstm_s1,val,0.6,2,5176,0.22434255480766296
lstm_s1,val,0.6,2,5185,0.08849845826625824
lstm_s1,val,0.6,2,5199,0.09652797132730484
lstm_s1,val,0.6,2,5215,0.027784299105405807
lstm_s1,val,0.6,2,5217,0.6069549918174744
lstm_s1,val,0.6,2,5221,0.6321258544921875
lstm_s1,val,0.6,2,5222,0.010227209888398647
lstm_s1,val,0.6,2,5227,0.6895312070846558
lstm_s1,val,0.6,2,5232,0.30608540773391724
lstm_s1,val,0.6,2,5236,0.5966808795928955
lstm_s1,val,0.6,2,5243,1.0332446098327637
lstm_s1,val,0.6,2,6917,0.03176863119006157
lstm_s1,val,0.6,2,6922,0.09059742838144302
lstm_s1,val,0.6,2,6923,0.21299803256988525
lstm_s1,val,0.6,2,6924,0.5875934362411499
lstm_s1,test,0.2,0,5175,0.030632756650447845
lstm_s1,test,0.2,0,5177,0.1607365608215332
lstm_s1,test,0.2,0,5179,0.02486344426870346
lstm_s1,test,0.2,0,5180,0.04882052168250084
lstm_s1,test,0.2,0,5190,0.480871319770813
lstm_s1,test,0.2,0,5195,0.13563406467437744
lstm_s1,test,0.2,0,5206,0.08330633491277695
lstm_s1,test,0.2,0,5212,0.02063516527414322
lstm_s1,test,0.2,0,5216,0.23802772164344788
lstm_s1,test,0.2,0,5228,0.7376543879508972
lstm_s1,test,0.2,0,5233,0.27660253643989563
lstm_s1,test,0.2,0,5234,0.11521401256322861
lstm_s1,test,0.2,0,6300,0.015683183446526527
lstm_s1,test,0.2,0,6306,0.11298703402280807
lstm_s1,test,0.2,0,6883,0.5048744082450867
lstm_s1,test,0.2,1,5175,0.04637186974287033
lstm_s1,test,0.2,1,5177,0.19488656520843506
lstm_s1,test,0.2,1,5179,0.05228063464164734
lstm_s1,test,0.2,1,5180,0.034909311681985855
lstm_s1,test,0.2,1,5190,0.2679179310798645
lstm_s1,test,0.2,1,5195,0.11261262744665146
lstm_s1,test,0.2,1,5206,0.051400747150182724
lstm_s1,test,0.2,1,5212,0.008167882449924946
lstm_s1,test,0.2,1,5216,0.6345887780189514
lstm_s1,test,0.2,1,5228,0.19795960187911987
lstm_s1,test,0.2,1,5233,0.5030027627944946
lstm_s1,test,0.2,1,5234,0.4928956925868988
lstm_s1,test,0.2,1,6300,0.01777041144669056
lstm_s1,test,0.2,1,6306,0.1551007479429245
lstm_s1,test,0.2,1,6883,0.5081893801689148
lstm_s1,test,0.2,2,5175,0.04660630226135254
lstm_s1,test,0.2,2,5177,0.20182174444198608
lstm_s1,test,0.2,2,5179,0.0452064573764801
lstm_s1,test,0.2,2,5180,0.03341926261782646
lstm_s1,test,0.2,2,5190,0.4045935273170471
lstm_s1,test,0.2,2,5195,0.14185170829296112
lstm_s1,test,0.2,2,5206,0.034882802516222
lstm_s1,test,0.2,2,5212,0.028901398181915283
lstm_s1,test,0.2,2,5216,0.5008168816566467
lstm_s1,test,0.2,2,5228,0.8514245748519897
lstm_s1,test,0.2,2,5233,0.1946033090353012
lstm_s1,test,0.2,2,5234,0.43588191270828247
lstm_s1,test,0.2,2,6300,0.012970434501767159
lstm_s1,test,0.2,2,6306,0.03440782427787781
lstm_s1,test,0.2,2,6883,0.5683731436729431
lstm_s1,test,0.4,0,5175,0.10266605764627457
lstm_s1,test,0.4,0,5177,0.11281111091375351
lstm_s1,test,0.4,0,5179,0.017513956874608994
lstm_s1,test,0.4,0,5180,0.043172527104616165
lstm_s1,test,0.4,0,5190,0.21699070930480957
lstm_s1,test,0.4,0,5195,0.10785464942455292
lstm_s1,test,0.4,0,5206,0.052158527076244354
lstm_s1,test,0.4,0,5212,0.017879068851470947
lstm_s1,test,0.4,0,5216,0.6585068702697754
lstm_s1,test,0.4,0,5228,0.5175487399101257
lstm_s1,test,0.4,0,5233,0.5303142666816711
lstm_s1,test,0.4,0,5234,0.4859759211540222
lstm_s1,test,0.4,0,6300,0.01860855519771576
lstm_s1,test,0.4,0,6306,0.07138735800981522
lstm_s1,test,0.4,0,6883,0.4975786507129669
lstm_s1,test,0.4,1,5175,0.04008081555366516
lstm_s1,test,0.4,1,5177,0.16146661341190338
lstm_s1,test,0.4,1,5179,0.03901304304599762
lstm_s1,test,0.4,1,5180,0.039202965795993805
lstm_s1,test,0.4,1,5190,0.3548542857170105
lstm_s1,test,0.4,1,5195,0.10177084058523178
lstm_s1,test,0.4,1,5206,0.09227940440177917
lstm_s1,test,0.4,1,5212,0.014761929400265217
lstm_s1,test,0.4,1,5216,0.4013991057872772
lstm_s1,test,0.4,1,5228,0.4519340395927429
lstm_s1,test,0.4,1,5233,0.5494691729545593
lstm_s1,test,0.4,1,5234,0.4205723702907562
lstm_s1,test,0.4,1,6300,0.017184793949127197
lstm_s1,test,0.4,1,6306,0.10934875905513763
lstm_s1,test,0.4,1,6883,0.3709928095340729
lstm_s1,test,0.4,2,5175,0.03113125078380108
lstm_s1,test,0.4,2,5177,0.24517391622066498
lstm_s1,test,0.4,2,5179,0.03590724989771843
lstm_s1,test,0.4,2,5180,0.03666190057992935
lstm_s1,test,0.4,2,5190,0.33360081911087036
lstm_s1,test,0.4,2,5195,0.1425808221101761
lstm_s1,test,0.4,2,5206,0.03939960524439812
lstm_s1,test,0.4,2,5212,0.03465896099805832
lstm_s1,test,0.4,2,5216,0.5506528615951538
lstm_s1,test,0.4,2,5228,0.43686988949775696
lstm_s1,test,0.4,2,5233,0.5023301243782043
lstm_s1,test,0.4,2,5234,0.5662769675254822
lstm_s1,test,0.4,2,6300,0.012191941030323505
lstm_s1,test,0.4,2,6306,0.07694674283266068
lstm_s1,test,0.4,2,6883,0.442992627620697
lstm_s1,test,0.6,0,5175,0.2311035692691803
lstm_s1,test,0.6,0,5177,0.21129143238067627
lstm_s1,test,0.6,0,5179,0.03749563917517662
lstm_s1,test,0.6,0,5180,0.13317768275737762
lstm_s1,test,0.6,0,5190,0.27588343620300293
lstm_s1,test,0.6,0,5195,0.16616392135620117
lstm_s1,test,0.6,0,5206,0.07596513628959656
lstm_s1,test,0.6,0,5212,0.012994777411222458
lstm_s1,test,0.6,0,5216,0.578511118888855
lstm_s1,test,0.6,0,5228,0.5036503076553345
lstm_s1,test,0.6,0,5233,0.7338022589683533
lstm_s1,test,0.6,0,5234,0.5801154375076294
lstm_s1,test,0.6,0,6300,0.019196774810552597
lstm_s1,test,0.6,0,6306,0.09459834545850754
lstm_s1,test,0.6,0,6883,0.42816412448883057
lstm_s1,test,0.6,1,5175,0.1049615815281868
lstm_s1,test,0.6,1,5177,0.2724469006061554
lstm_s1,test,0.6,1,5179,0.026218893006443977
lstm_s1,test,0.6,1,5180,0.06623212993144989
lstm_s1,test,0.6,1,5190,0.21465380489826202
lstm_s1,test,0.6,1,5195,0.17274992167949677
lstm_s1,test,0.6,1,5206,0.07032830268144608
lstm_s1,test,0.6,1,5212,0.019382158294320107
lstm_s1,test,0.6,1,5216,0.41016685962677
lstm_s1,test,0.6,1,5228,0.5183821320533752
lstm_s1,test,0.6,1,5233,0.649274468421936
lstm_s1,test,0.6,1,5234,0.6243157982826233
lstm_s1,test,0.6,1,6300,0.011894951574504375
lstm_s1,test,0.6,1,6306,0.271503746509552
lstm_s1,test,0.6,1,6883,0.3669471740722656
lstm_s1,test,0.6,2,5175,0.04333264008164406
lstm_s1,test,0.6,2,5177,0.23244498670101166
lstm_s1,test,0.6,2,5179,0.027215590700507164
lstm_s1,test,0.6,2,5180,0.035859450697898865
lstm_s1,test,0.6,2,5190,0.301340252161026
lstm_s1,test,0.6,2,5195,0.18775536119937897
lstm_s1,test,0.6,2,5206,0.08165527135133743
lstm_s1,test,0.6,2,5212,0.028721032664179802
lstm_s1,test,0.6,2,5216,0.40704286098480225
lstm_s1,test,0.6,2,5228,0.6967741250991821
lstm_s1,test,0.6,2,5233,0.564280092716217
lstm_s1,test,0.6,2,5234,0.6664954423904419
lstm_s1,test,0.6,2,6300,0.020967476069927216
lstm_s1,test,0.6,2,6306,0.17007146775722504
lstm_s1,test,0.6,2,6883,0.3634749948978424
lstm_s2,val,0.2,0,5176,0.07361320406198502
lstm_s2,val,0.2,0,5185,0.04864967614412308
lstm_s2,val,0.2,0,5199,0.06265752762556076
lstm_s2,val,0.2,0,5215,0.04438193887472153
lstm_s2,val,0.2,0,5217,0.26533281803131104
lstm_s2,val,0.2,0,5221,0.21013502776622772
lstm_s2,val,0.2,0,5222,0.035626962780952454
lstm_s2,val,0.2,0,5227,0.6875933408737183
lstm_s2,val,0.2,0,5232,0.12600715458393097
lstm_s2,val,0.2,0,5236,0.24207231402397156
lstm_s2,val,0.2,0,5243,0.39254269003868103
lstm_s2,val,0.2,0,6917,0.028714194893836975
lstm_s2,val,0.2,0,6922,0.19910681247711182
lstm_s2,val,0.2,0,6923,0.035907186567783356
lstm_s2,val,0.2,0,6924,0.10693683475255966
lstm_s2,val,0.2,1,5176,0.11232689023017883
lstm_s2,val,0.2,1,5185,0.051798827946186066
lstm_s2,val,0.2,1,5199,0.06955524533987045
lstm_s2,val,0.2,1,5215,0.02942056395113468
lstm_s2,val,0.2,1,5217,0.046725980937480927
lstm_s2,val,0.2,1,5221,0.19037634134292603
lstm_s2,val,0.2,1,5222,0.02005714178085327
lstm_s2,val,0.2,1,5227,0.3918028175830841
lstm_s2,val,0.2,1,5232,0.09667326509952545
lstm_s2,val,0.2,1,5236,0.3778461813926697
lstm_s2,val,0.2,1,5243,0.10289610177278519
lstm_s2,val,0.2,1,6917,0.020981505513191223
lstm_s2,val,0.2,1,6922,0.23060522973537445
lstm_s2,val,0.2,1,6923,0.06325739622116089
lstm_s2,val,0.2,1,6924,0.1087915375828743
lstm_s2,val,0.2,2,5176,0.02316080406308174
lstm_s2,val,0.2,2,5185,0.05275223031640053
lstm_s2,val,0.2,2,5199,0.07794394344091415
lstm_s2,val,0.2,2,5215,0.02754141576588154
lstm_s2,val,0.2,2,5217,0.2974410355091095
lstm_s2,val,0.2,2,5221,0.20470431447029114
lstm_s2,val,0.2,2,5222,0.032529573887586594
lstm_s2,val,0.2,2,5227,0.23073695600032806
lstm_s2,val,0.2,2,5232,0.1688791662454605
lstm_s2,val,0.2,2,5236,0.631836473941803
lstm_s2,val,0.2,2,5243,0.190538689494133
lstm_s2,val,0.2,2,6917,0.018257316201925278
lstm_s2,val,0.2,2,6922,0.05294756218791008
lstm_s2,val,0.2,2,6923,0.049126848578453064
lstm_s2,val,0.2,2,6924,0.09437692165374756
lstm_s2,val,0.4,0,5176,0.1075335443019867
lstm_s2,val,0.4,0,5185,0.05101655796170235
lstm_s2,val,0.4,0,5199,0.0855959802865982
lstm_s2,val,0.4,0,5215,0.030157214030623436
lstm_s2,val,0.4,0,5217,0.23832440376281738
lstm_s2,val,0.4,0,5221,0.5751067996025085
lstm_s2,val,0.4,0,5222,0.028626495972275734
lstm_s2,val,0.4,0,5227,0.5384933352470398
lstm_s2,val,0.4,0,5232,0.2205144315958023
lstm_s2,val,0.4,0,5236,0.23320892453193665
lstm_s2,val,0.4,0,5243,0.436014324426651
lstm_s2,val,0.4,0,6917,0.024166041985154152
lstm_s2,val,0.4,0,6922,0.13804031908512115
lstm_s2,val,0.4,0,6923,0.04547157511115074
lstm_s2,val,0.4,0,6924,0.041804179549217224
lstm_s2,val,0.4,1,5176,0.05484176054596901
lstm_s2,val,0.4,1,5185,0.04915354400873184
lstm_s2,val,0.4,1,5199,0.08538492769002914
lstm_s2,val,0.4,1,5215,0.035798080265522
lstm_s2,val,0.4,1,5217,0.16653847694396973
lstm_s2,val,0.4,1,5221,0.45912083983421326
lstm_s2,val,0.4,1,5222,0.028680816292762756
lstm_s2,val,0.4,1,5227,0.6752535104751587
lstm_s2,val,0.4,1,5232,0.1977986842393875
lstm_s2,val,0.4,1,5236,0.15424740314483643
lstm_s2,val,0.4,1,5243,0.4388686418533325
lstm_s2,val,0.4,1,6917,0.043697062879800797
lstm_s2,val,0.4,1,6922,0.0739133358001709
lstm_s2,val,0.4,1,6923,0.09989218413829803
lstm_s2,val,0.4,1,6924,0.06258198618888855
lstm_s2,val,0.4,2,5176,0.10364554822444916
lstm_s2,val,0.4,2,5185,0.03653579577803612
lstm_s2,val,0.4,2,5199,0.05369210243225098
lstm_s2,val,0.4,2,5215,0.028923749923706055
lstm_s2,val,0.4,2,5217,0.16425901651382446
lstm_s2,val,0.4,2,5221,0.26388856768608093
lstm_s2,val,0.4,2,5222,0.019453274086117744
lstm_s2,val,0.4,2,5227,0.20350360870361328
lstm_s2,val,0.4,2,5232,0.2247944176197052
lstm_s2,val,0.4,2,5236,0.5395879745483398
lstm_s2,val,0.4,2,5243,0.4145241975784302
lstm_s2,val,0.4,2,6917,0.030169585719704628
lstm_s2,val,0.4,2,6922,0.18028715252876282
lstm_s2,val,0.4,2,6923,0.03592701256275177
lstm_s2,val,0.4,2,6924,0.0715213194489479
lstm_s2,val,0.6,0,5176,0.05433892831206322
lstm_s2,val,0.6,0,5185,0.04203353822231293
lstm_s2,val,0.6,0,5199,0.08462150394916534
lstm_s2,val,0.6,0,5215,0.03250913321971893
lstm_s2,val,0.6,0,5217,0.18922634422779083
lstm_s2,val,0.6,0,5221,0.3286716341972351
lstm_s2,val,0.6,0,5222,0.022379444912075996
lstm_s2,val,0.6,0,5227,0.5715682506561279
lstm_s2,val,0.6,0,5232,0.27785375714302063
lstm_s2,val,0.6,0,5236,0.44095250964164734
lstm_s2,val,0.6,0,5243,0.3885352611541748
lstm_s2,val,0.6,0,6917,0.024338142946362495
lstm_s2,val,0.6,0,6922,0.13148850202560425
lstm_s2,val,0.6,0,6923,0.04523651674389839
lstm_s2,val,0.6,0,6924,0.12185947597026825
lstm_s2,val,0.6,1,5176,0.09374472498893738
lstm_s2,val,0.6,1,5185,0.039860572665929794
lstm_s2,val,0.6,1,5199,0.08350443094968796
lstm_s2,val,0.6,1,5215,0.03119831532239914
lstm_s2,val,0.6,1,5217,0.25171494483947754
lstm_s2,val,0.6,1,5221,0.4905608296394348
lstm_s2,val,0.6,1,5222,0.03128981217741966
lstm_s2,val,0.6,1,5227,0.6451916694641113
lstm_s2,val,0.6,1,5232,0.22398623824119568
lstm_s2,val,0.6,1,5236,0.41356444358825684
lstm_s2,val,0.6,1,5243,0.2760864496231079
lstm_s2,val,0.6,1,6917,0.06367050856351852
lstm_s2,val,0.6,1,6922,0.11587604135274887
lstm_s2,val,0.6,1,6923,0.09094563871622086
lstm_s2,val,0.6,1,6924,0.10197633504867554
lstm_s2,val,0.6,2,5176,0.10184822976589203
lstm_s2,val,0.6,2,5185,0.037979669868946075
lstm_s2,val,0.6,2,5199,0.07299535721540451
lstm_s2,val,0.6,2,5215,0.04321509599685669
lstm_s2,val,0.6,2,5217,0.3090575635433197
lstm_s2,val,0.6,2,5221,0.3899455964565277
lstm_s2,val,0.6,2,5222,0.024500591680407524
lstm_s2,val,0.6,2,5227,0.525070309638977
lstm_s2,val,0.6,2,5232,0.1772618293762207
lstm_s2,val,0.6,2,5236,0.39296019077301025
lstm_s2,val,0.6,2,5243,0.6287983059883118
lstm_s2,val,0.6,2,6917,0.03839510679244995
lstm_s2,val,0.6,2,6922,0.05169590935111046
lstm_s2,val,0.6,2,6923,0.07035700976848602
lstm_s2,val,0.6,2,6924,0.3181467652320862
lstm_s2,test,0.2,0,5175,0.07348912954330444
lstm_s2,test,0.2,0,5177,0.22220753133296967
lstm_s2,test,0.2,0,5179,0.10287287086248398
lstm_s2,test,0.2,0,5180,0.07306072860956192
lstm_s2,test,0.2,0,5190,0.41442379355430603
lstm_s2,test,0.2,0,5195,0.17365649342536926
lstm_s2,test,0.2,0,5206,0.06190294772386551
lstm_s2,test,0.2,0,5212,0.08922462165355682
lstm_s2,test,0.2,0,5216,0.1560698002576828
lstm_s2,test,0.2,0,5228,0.6660158038139343
lstm_s2,test,0.2,0,5233,0.34535104036331177
lstm_s2,test,0.2,0,5234,0.056582655757665634
lstm_s2,test,0.2,0,6300,0.054980188608169556
lstm_s2,test,0.2,0,6306,0.08520401269197464
lstm_s2,test,0.2,0,6883,0.36846786737442017
lstm_s2,test,0.2,1,5175,0.12468020617961884
lstm_s2,test,0.2,1,5177,0.2984897792339325
lstm_s2,test,0.2,1,5179,0.15385960042476654
lstm_s2,test,0.2,1,5180,0.037791989743709564
lstm_s2,test,0.2,1,5190,0.20072083175182343
lstm_s2,test,0.2,1,5195,0.14457523822784424
lstm_s2,test,0.2,1,5206,0.03708649426698685
lstm_s2,test,0.2,1,5212,0.06911925226449966
lstm_s2,test,0.2,1,5216,0.500240683555603
lstm_s2,test,0.2,1,5228,0.17741672694683075
lstm_s2,test,0.2,1,5233,0.7176769375801086
lstm_s2,test,0.2,1,5234,0.45667019486427307
lstm_s2,test,0.2,1,6300,0.07901491969823837
lstm_s2,test,0.2,1,6306,0.12316220253705978
lstm_s2,test,0.2,1,6883,0.5581431984901428
lstm_s2,test,0.2,2,5175,0.09344671666622162
lstm_s2,test,0.2,2,5177,0.32396695017814636
lstm_s2,test,0.2,2,5179,0.13464143872261047
lstm_s2,test,0.2,2,5180,0.049634527415037155
lstm_s2,test,0.2,2,5190,0.3930927813053131
lstm_s2,test,0.2,2,5195,0.3152180314064026
lstm_s2,test,0.2,2,5206,0.04251762107014656
lstm_s2,test,0.2,2,5212,0.08852202445268631
lstm_s2,test,0.2,2,5216,0.2928842008113861
lstm_s2,test,0.2,2,5228,1.0945712327957153
lstm_s2,test,0.2,2,5233,0.23424747586250305
lstm_s2,test,0.2,2,5234,0.3257085978984833
lstm_s2,test,0.2,2,6300,0.08322614431381226
lstm_s2,test,0.2,2,6306,0.030370179563760757
lstm_s2,test,0.2,2,6883,0.43516579270362854
lstm_s2,test,0.4,0,5175,0.0834655612707138
lstm_s2,test,0.4,0,5177,0.09051062911748886
lstm_s2,test,0.4,0,5179,0.09697159379720688
lstm_s2,test,0.4,0,5180,0.037417925894260406
lstm_s2,test,0.4,0,5190,0.15636911988258362
lstm_s2,test,0.4,0,5195,0.15417695045471191
lstm_s2,test,0.4,0,5206,0.06556319445371628
lstm_s2,test,0.4,0,5212,0.0921253114938736
lstm_s2,test,0.4,0,5216,0.5898237228393555
lstm_s2,test,0.4,0,5228,0.4581685960292816
lstm_s2,test,0.4,0,5233,0.7107997536659241
lstm_s2,test,0.4,0,5234,0.4364457130432129
lstm_s2,test,0.4,0,6300,0.08658625185489655
lstm_s2,test,0.4,0,6306,0.05619456246495247
lstm_s2,test,0.4,0,6883,0.45554119348526
lstm_s2,test,0.4,1,5175,0.09397689998149872
lstm_s2,test,0.4,1,5177,0.2488461136817932
lstm_s2,test,0.4,1,5179,0.14124974608421326
lstm_s2,test,0.4,1,5180,0.04209313914179802
lstm_s2,test,0.4,1,5190,0.34871768951416016
lstm_s2,test,0.4,1,5195,0.1506074070930481
lstm_s2,test,0.4,1,5206,0.06772475689649582
lstm_s2,test,0.4,1,5212,0.1034497395157814
lstm_s2,test,0.4,1,5216,0.23962806165218353
lstm_s2,test,0.4,1,5228,0.4202679395675659
lstm_s2,test,0.4,1,5233,0.5424050688743591
lstm_s2,test,0.4,1,5234,0.3787677586078644
lstm_s2,test,0.4,1,6300,0.0816386491060257
lstm_s2,test,0.4,1,6306,0.058990370482206345
lstm_s2,test,0.4,1,6883,0.42738425731658936
lstm_s2,test,0.4,2,5175,0.08280099928379059
lstm_s2,test,0.4,2,5177,0.3149605393409729
lstm_s2,test,0.4,2,5179,0.1219952255487442
lstm_s2,test,0.4,2,5180,0.031102150678634644
lstm_s2,test,0.4,2,5190,0.2927713096141815
lstm_s2,test,0.4,2,5195,0.1660076528787613
lstm_s2,test,0.4,2,5206,0.040054235607385635
lstm_s2,test,0.4,2,5212,0.08554993569850922
lstm_s2,test,0.4,2,5216,0.4256281554698944
lstm_s2,test,0.4,2,5228,0.42380544543266296
lstm_s2,test,0.4,2,5233,0.7930731773376465
lstm_s2,test,0.4,2,5234,0.49828362464904785
lstm_s2,test,0.4,2,6300,0.06098373234272003
lstm_s2,test,0.4,2,6306,0.045888762921094894
lstm_s2,test,0.4,2,6883,0.419610857963562
lstm_s2,test,0.6,0,5175,0.1534203290939331
lstm_s2,test,0.6,0,5177,0.193411186337471
lstm_s2,test,0.6,0,5179,0.1273355782032013
lstm_s2,test,0.6,0,5180,0.05209534242749214
lstm_s2,test,0.6,0,5190,0.22040240466594696
lstm_s2,test,0.6,0,5195,0.20151253044605255
lstm_s2,test,0.6,0,5206,0.06386254727840424
lstm_s2,test,0.6,0,5212,0.08707544952630997
lstm_s2,test,0.6,0,5216,0.524005115032196
lstm_s2,test,0.6,0,5228,0.4999045431613922
lstm_s2,test,0.6,0,5233,0.6821510195732117
lstm_s2,test,0.6,0,5234,0.44516128301620483
lstm_s2,test,0.6,0,6300,0.08753612637519836
lstm_s2,test,0.6,0,6306,0.08568509668111801
lstm_s2,test,0.6,0,6883,0.45575031638145447
lstm_s2,test,0.6,1,5175,0.1302310824394226
lstm_s2,test,0.6,1,5177,0.2222827672958374
lstm_s2,test,0.6,1,5179,0.09646064043045044
lstm_s2,test,0.6,1,5180,0.03594852238893509
lstm_s2,test,0.6,1,5190,0.1636943817138672
lstm_s2,test,0.6,1,5195,0.1841755509376526
lstm_s2,test,0.6,1,5206,0.054052408784627914
lstm_s2,test,0.6,1,5212,0.05568508431315422
lstm_s2,test,0.6,1,5216,0.26124030351638794
lstm_s2,test,0.6,1,5228,0.5159527063369751
lstm_s2,test,0.6,1,5233,0.721862256526947
lstm_s2,test,0.6,1,5234,0.5031346082687378
lstm_s2,test,0.6,1,6300,0.061007022857666016
lstm_s2,test,0.6,1,6306,0.11776404082775116
lstm_s2,test,0.6,1,6883,0.42532625794410706
lstm_s2,test,0.6,2,5175,0.11671032011508942
lstm_s2,test,0.6,2,5177,0.2613898813724518
lstm_s2,test,0.6,2,5179,0.09270526468753815
lstm_s2,test,0.6,2,5180,0.05092059448361397
lstm_s2,test,0.6,2,5190,0.26768043637275696
lstm_s2,test,0.6,2,5195,0.20039598643779755
lstm_s2,test,0.6,2,5206,0.05480135232210159
lstm_s2,test,0.6,2,5212,0.0859055370092392
lstm_s2,test,0.6,2,5216,0.27745988965034485
lstm_s2,test,0.6,2,5228,0.7259047627449036
lstm_s2,test,0.6,2,5233,0.6126475930213928
lstm_s2,test,0.6,2,5234,0.5515447854995728
lstm_s2,test,0.6,2,6300,0.05966947600245476
lstm_s2,test,0.6,2,6306,0.08130224049091339
lstm_s2,test,0.6,2,6883,0.40061792731285095
transformer_s0,val,0.2,0,5176,0.112337127327919
transformer_s0,val,0.2,0,5185,0.2130444496870041
transformer_s0,val,0.2,0,5199,0.0377710685133934
transformer_s0,val,0.2,0,5215,0.35702335834503174
transformer_s0,val,0.2,0,5217,0.07708356529474258
transformer_s0,val,0.2,0,5221,0.19209636747837067
transformer_s0,val,0.2,0,5222,0.104422926902771
transformer_s0,val,0.2,0,5227,0.4962332844734192
transformer_s0,val,0.2,0,5232,0.08909646421670914
transformer_s0,val,0.2,0,5236,0.15709799528121948
transformer_s0,val,0.2,0,5243,0.42129266262054443
transformer_s0,val,0.2,0,6917,0.05553404241800308
transformer_s0,val,0.2,0,6922,0.1285894364118576
transformer_s0,val,0.2,0,6923,0.05552772805094719
transformer_s0,val,0.2,0,6924,0.06884631514549255
transformer_s0,val,0.2,1,5176,0.09075552225112915
transformer_s0,val,0.2,1,5185,0.13388481736183167
transformer_s0,val,0.2,1,5199,0.056505002081394196
transformer_s0,val,0.2,1,5215,0.6894600987434387
transformer_s0,val,0.2,1,5217,0.027917522937059402
transformer_s0,val,0.2,1,5221,0.16121485829353333
transformer_s0,val,0.2,1,5222,0.09822002053260803
transformer_s0,val,0.2,1,5227,0.38385728001594543
transformer_s0,val,0.2,1,5232,0.10803234577178955
transformer_s0,val,0.2,1,5236,0.20987746119499207
transformer_s0,val,0.2,1,5243,0.12917278707027435
transformer_s0,val,0.2,1,6917,0.020372340455651283
transformer_s0,val,0.2,1,6922,0.13381680846214294
transformer_s0,val,0.2,1,6923,0.07486024498939514
transformer_s0,val,0.2,1,6924,0.11473105102777481
transformer_s0,val,0.2,2,5176,0.09711205959320068
transformer_s0,val,0.2,2,5185,0.1321055144071579
transformer_s0,val,0.2,2,5199,0.06458400934934616
transformer_s0,val,0.2,2,5215,0.19171631336212158
transformer_s0,val,0.2,2,5217,0.08500543981790543
transformer_s0,val,0.2,2,5221,0.18025663495063782
transformer_s0,val,0.2,2,5222,0.11085985600948334
transformer_s0,val,0.2,2,5227,0.20041850209236145
transformer_s0,val,0.2,2,5232,0.06728767603635788
transformer_s0,val,0.2,2,5236,0.4028869867324829
transformer_s0,val,0.2,2,5243,0.22665540874004364
transformer_s0,val,0.2,2,6917,0.1794569194316864
transformer_s0,val,0.2,2,6922,0.047934386879205704
transformer_s0,val,0.2,2,6923,0.06252150982618332
transformer_s0,val,0.2,2,6924,0.10629931092262268
transformer_s0,val,0.4,0,5176,0.09536894410848618
transformer_s0,val,0.4,0,5185,0.25231480598449707
transformer_s0,val,0.4,0,5199,0.08968396484851837
transformer_s0,val,0.4,0,5215,0.3713209927082062
transformer_s0,val,0.4,0,5217,0.08619378507137299
transformer_s0,val,0.4,0,5221,0.4682973325252533
transformer_s0,val,0.4,0,5222,0.07786677032709122
transformer_s0,val,0.4,0,5227,0.403719425201416
transformer_s0,val,0.4,0,5232,0.15760363638401031
transformer_s0,val,0.4,0,5236,0.1512010395526886
transformer_s0,val,0.4,0,5243,0.4182969927787781
transformer_s0,val,0.4,0,6917,0.16698144376277924
transformer_s0,val,0.4,0,6922,0.08614962548017502
transformer_s0,val,0.4,0,6923,0.06763612478971481
transformer_s0,val,0.4,0,6924,0.04802383854985237
transformer_s0,val,0.4,1,5176,0.14768122136592865
transformer_s0,val,0.4,1,5185,0.14934208989143372
transformer_s0,val,0.4,1,5199,0.04789579659700394
transformer_s0,val,0.4,1,5215,0.39813169836997986
transformer_s0,val,0.4,1,5217,0.05537629872560501
transformer_s0,val,0.4,1,5221,0.2699933648109436
transformer_s0,val,0.4,1,5222,0.07802195847034454
transformer_s0,val,0.4,1,5227,0.601016104221344
transformer_s0,val,0.4,1,5232,0.10221605002880096
transformer_s0,val,0.4,1,5236,0.10604794323444366
transformer_s0,val,0.4,1,5243,0.5247604846954346
transformer_s0,val,0.4,1,6917,0.18743091821670532
transformer_s0,val,0.4,1,6922,0.05964559689164162
transformer_s0,val,0.4,1,6923,0.025096043944358826
transformer_s0,val,0.4,1,6924,0.050525251775979996
transformer_s0,val,0.4,2,5176,0.09300970286130905
transformer_s0,val,0.4,2,5185,0.21009834110736847
transformer_s0,val,0.4,2,5199,0.04802776500582695
transformer_s0,val,0.4,2,5215,0.3234267830848694
transformer_s0,val,0.4,2,5217,0.045020557940006256
transformer_s0,val,0.4,2,5221,0.21935857832431793
transformer_s0,val,0.4,2,5222,0.102838434278965
transformer_s0,val,0.4,2,5227,0.17998436093330383
transformer_s0,val,0.4,2,5232,0.10476883500814438
transformer_s0,val,0.4,2,5236,0.330585777759552
transformer_s0,val,0.4,2,5243,0.502450168132782
transformer_s0,val,0.4,2,6917,0.07211598753929138
transformer_s0,val,0.4,2,6922,0.22770735621452332
transformer_s0,val,0.4,2,6923,0.039362773299217224
transformer_s0,val,0.4,2,6924,0.05381424352526665
transformer_s0,val,0.6,0,5176,0.11474727839231491
transformer_s0,val,0.6,0,5185,0.2596176564693451
transformer_s0,val,0.6,0,5199,0.10179780423641205
transformer_s0,val,0.6,0,5215,0.3601180613040924
transformer_s0,val,0.6,0,5217,0.07359471917152405
transformer_s0,val,0.6,0,5221,0.29351383447647095
transformer_s0,val,0.6,0,5222,0.25095200538635254
transformer_s0,val,0.6,0,5227,0.5184111595153809
transformer_s0,val,0.6,0,5232,0.14690229296684265
transformer_s0,val,0.6,0,5236,0.23323069512844086
transformer_s0,val,0.6,0,5243,0.48616814613342285
transformer_s0,val,0.6,0,6917,0.31365451216697693
transformer_s0,val,0.6,0,6922,0.1521516889333725
transformer_s0,val,0.6,0,6923,0.04792724549770355
transformer_s0,val,0.6,0,6924,0.0940583199262619
transformer_s0,val,0.6,1,5176,0.1156025156378746
transformer_s0,val,0.6,1,5185,0.2239467352628708
transformer_s0,val,0.6,1,5199,0.08174927532672882
transformer_s0,val,0.6,1,5215,0.3738826513290405
transformer_s0,val,0.6,1,5217,0.046270012855529785
transformer_s0,val,0.6,1,5221,0.301270455121994
transformer_s0,val,0.6,1,5222,0.16333332657814026
transformer_s0,val,0.6,1,5227,0.5247299671173096
transformer_s0,val,0.6,1,5232,0.13289256393909454
transformer_s0,val,0.6,1,5236,0.18742609024047852
transformer_s0,val,0.6,1,5243,0.28543558716773987
transformer_s0,val,0.6,1,6917,0.35024383664131165
transformer_s0,val,0.6,1,6922,0.07618571072816849
transformer_s0,val,0.6,1,6923,0.021608544513583183
transformer_s0,val,0.6,1,6924,0.08249389380216599
transformer_s0,val,0.6,2,5176,0.07852699607610703
transformer_s0,val,0.6,2,5185,0.6346700191497803
transformer_s0,val,0.6,2,5199,0.07810365408658981
transformer_s0,val,0.6,2,5215,0.30029526352882385
transformer_s0,val,0.6,2,5217,0.0349920392036438
transformer_s0,val,0.6,2,5221,0.32055965065956116
transformer_s0,val,0.6,2,5222,0.08722434192895889
transformer_s0,val,0.6,2,5227,0.3882756233215332
transformer_s0,val,0.6,2,5232,0.09000144153833389
transformer_s0,val,0.6,2,5236,0.1542128473520279
transformer_s0,val,0.6,2,5243,0.45898565649986267
transformer_s0,val,0.6,2,6917,0.1766832172870636
transformer_s0,val,0.6,2,6922,0.05358505621552467
transformer_s0,val,0.6,2,6923,0.04614622890949249
transformer_s0,val,0.6,2,6924,0.16525627672672272
transformer_s0,test,0.2,0,5175,0.11526810377836227
transformer_s0,test,0.2,0,5177,0.10760806500911713
transformer_s0,test,0.2,0,5179,0.16928300261497498
transformer_s0,test,0.2,0,5180,0.0674688071012497
transformer_s0,test,0.2,0,5190,0.2146584540605545
transformer_s0,test,0.2,0,5195,0.28916752338409424
transformer_s0,test,0.2,0,5206,1.7897412776947021
transformer_s0,test,0.2,0,5212,0.08663897961378098
transformer_s0,test,0.2,0,5216,0.09017329663038254
transformer_s0,test,0.2,0,5228,0.6269139647483826
transformer_s0,test,0.2,0,5233,0.5945701003074646
transformer_s0,test,0.2,0,5234,0.0502927303314209
transformer_s0,test,0.2,0,6300,0.03183213621377945
transformer_s0,test,0.2,0,6306,0.0630631372332573
transformer_s0,test,0.2,0,6883,1.896819829940796
transformer_s0,test,0.2,1,5175,0.11855410039424896
transformer_s0,test,0.2,1,5177,0.11952725052833557
transformer_s0,test,0.2,1,5179,0.25054532289505005
transformer_s0,test,0.2,1,5180,0.046788495033979416
transformer_s0,test,0.2,1,5190,0.16394418478012085
transformer_s0,test,0.2,1,5195,0.23840688169002533
transformer_s0,test,0.2,1,5206,0.6069860458374023
transformer_s0,test,0.2,1,5212,0.03827152028679848
transformer_s0,test,0.2,1,5216,0.25842222571372986
transformer_s0,test,0.2,1,5228,0.1952531337738037
transformer_s0,test,0.2,1,5233,1.0393812656402588
transformer_s0,test,0.2,1,5234,0.21294255554676056
transformer_s0,test,0.2,1,6300,0.055731482803821564
transformer_s0,test,0.2,1,6306,0.072976253926754
transformer_s0,test,0.2,1,6883,2.2343196868896484
transformer_s0,test,0.2,2,5175,0.10860767215490341
transformer_s0,test,0.2,2,5177,0.13634473085403442
transformer_s0,test,0.2,2,5179,0.1910822093486786
transformer_s0,test,0.2,2,5180,0.0316094346344471
transformer_s0,test,0.2,2,5190,0.16368862986564636
transformer_s0,test,0.2,2,5195,0.3569633364677429
transformer_s0,test,0.2,2,5206,1.02914297580719
transformer_s0,test,0.2,2,5212,0.08128972351551056
transformer_s0,test,0.2,2,5216,0.11484082043170929
transformer_s0,test,0.2,2,5228,0.9859565496444702
transformer_s0,test,0.2,2,5233,0.41771945357322693
transformer_s0,test,0.2,2,5234,0.20545397698879242
transformer_s0,test,0.2,2,6300,0.0690237432718277
transformer_s0,test,0.2,2,6306,0.01640981249511242
transformer_s0,test,0.2,2,6883,2.0808944702148438
transformer_s0,test,0.4,0,5175,0.3222469389438629
transformer_s0,test,0.4,0,5177,0.0712580606341362
transformer_s0,test,0.4,0,5179,0.21227291226387024
transformer_s0,test,0.4,0,5180,0.04332060366868973
transformer_s0,test,0.4,0,5190,0.2085730880498886
transformer_s0,test,0.4,0,5195,0.20883481204509735
transformer_s0,test,0.4,0,5206,1.1374921798706055
transformer_s0,test,0.4,0,5212,0.07966307550668716
transformer_s0,test,0.4,0,5216,0.3508213460445404
transformer_s0,test,0.4,0,5228,0.4323147237300873
transformer_s0,test,0.4,0,5233,1.0881731510162354
transformer_s0,test,0.4,0,5234,0.21958571672439575
transformer_s0,test,0.4,0,6300,0.040185220539569855
transformer_s0,test,0.4,0,6306,0.0394568145275116
transformer_s0,test,0.4,0,6883,2.0150763988494873
transformer_s0,test,0.4,1,5175,0.16154354810714722
transformer_s0,test,0.4,1,5177,0.11548658460378647
transformer_s0,test,0.4,1,5179,0.20437341928482056
transformer_s0,test,0.4,1,5180,0.058538373559713364
transformer_s0,test,0.4,1,5190,0.22367627918720245
transformer_s0,test,0.4,1,5195,0.23676951229572296
transformer_s0,test,0.4,1,5206,0.896089494228363
transformer_s0,test,0.4,1,5212,0.08420562744140625
transformer_s0,test,0.4,1,5216,0.08591816574335098
transformer_s0,test,0.4,1,5228,0.38840892910957336
transformer_s0,test,0.4,1,5233,0.7821628451347351
transformer_s0,test,0.4,1,5234,0.2023703008890152
transformer_s0,test,0.4,1,6300,0.05266435816884041
transformer_s0,test,0.4,1,6306,0.03714999556541443
transformer_s0,test,0.4,1,6883,2.3778510093688965
transformer_s0,test,0.4,2,5175,0.13765829801559448
transformer_s0,test,0.4,2,5177,0.12751442193984985
transformer_s0,test,0.4,2,5179,0.23226846754550934
transformer_s0,test,0.4,2,5180,0.047310784459114075
transformer_s0,test,0.4,2,5190,0.2022780179977417
transformer_s0,test,0.4,2,5195,0.25678765773773193
transformer_s0,test,0.4,2,5206,0.496841698884964
transformer_s0,test,0.4,2,5212,0.08972612023353577
transformer_s0,test,0.4,2,5216,0.2297828644514084
transformer_s0,test,0.4,2,5228,0.4473818242549896
transformer_s0,test,0.4,2,5233,1.0928581953048706
transformer_s0,test,0.4,2,5234,0.2392323613166809
transformer_s0,test,0.4,2,6300,0.06719955056905746
transformer_s0,test,0.4,2,6306,0.02989719621837139
transformer_s0,test,0.4,2,6883,1.8178294897079468
transformer_s0,test,0.6,0,5175,0.5715025067329407
transformer_s0,test,0.6,0,5177,0.08157442510128021
transformer_s0,test,0.6,0,5179,0.28702038526535034
transformer_s0,test,0.6,0,5180,0.1853571981191635
transformer_s0,test,0.6,0,5190,0.18496036529541016
transformer_s0,test,0.6,0,5195,0.2880733609199524
transformer_s0,test,0.6,0,5206,0.8775010704994202
transformer_s0,test,0.6,0,5212,0.06629887223243713
transformer_s0,test,0.6,0,5216,0.31930455565452576
transformer_s0,test,0.6,0,5228,0.4360966682434082
transformer_s0,test,0.6,0,5233,0.9653008580207825
transformer_s0,test,0.6,0,5234,0.18936869502067566
transformer_s0,test,0.6,0,6300,0.05315491557121277
transformer_s0,test,0.6,0,6306,0.05990146845579147
transformer_s0,test,0.6,0,6883,1.8150056600570679
transformer_s0,test,0.6,1,5175,0.2762097418308258
transformer_s0,test,0.6,1,5177,0.07754113525152206
transformer_s0,test,0.6,1,5179,0.28204014897346497
transformer_s0,test,0.6,1,5180,0.10302834957838058
transformer_s0,test,0.6,1,5190,0.1763763129711151
transformer_s0,test,0.6,1,5195,0.3076922297477722
transformer_s0,test,0.6,1,5206,0.8017598986625671
transformer_s0,test,0.6,1,5212,0.060425493866205215
transformer_s0,test,0.6,1,5216,0.10401229560375214
transformer_s0,test,0.6,1,5228,0.4581354558467865
transformer_s0,test,0.6,1,5233,0.9811791777610779
transformer_s0,test,0.6,1,5234,0.20352715253829956
transformer_s0,test,0.6,1,6300,0.08764038980007172
transformer_s0,test,0.6,1,6306,0.0428171306848526
transformer_s0,test,0.6,1,6883,2.4790377616882324
transformer_s0,test,0.6,2,5175,0.12298368662595749
transformer_s0,test,0.6,2,5177,0.09941822290420532
transformer_s0,test,0.6,2,5179,0.26062795519828796
transformer_s0,test,0.6,2,5180,0.04732147231698036
transformer_s0,test,0.6,2,5190,0.1862940937280655
transformer_s0,test,0.6,2,5195,0.39598873257637024
transformer_s0,test,0.6,2,5206,0.35988274216651917
transformer_s0,test,0.6,2,5212,0.08230727165937424
transformer_s0,test,0.6,2,5216,0.12998300790786743
transformer_s0,test,0.6,2,5228,0.6281317472457886
transformer_s0,test,0.6,2,5233,0.8538410663604736
transformer_s0,test,0.6,2,5234,0.24051623046398163
transformer_s0,test,0.6,2,6300,0.21416005492210388
transformer_s0,test,0.6,2,6306,0.05783281847834587
transformer_s0,test,0.6,2,6883,2.2962520122528076
transformer_s1,val,0.2,0,5176,0.10451993346214294
transformer_s1,val,0.2,0,5185,0.4653129577636719
transformer_s1,val,0.2,0,5199,0.049231529235839844
transformer_s1,val,0.2,0,5215,0.24614301323890686
transformer_s1,val,0.2,0,5217,0.07598302513360977
transformer_s1,val,0.2,0,5221,0.19854377210140228
transformer_s1,val,0.2,0,5222,0.045642778277397156
transformer_s1,val,0.2,0,5227,0.6128379702568054
transformer_s1,val,0.2,0,5232,0.05543476343154907
transformer_s1,val,0.2,0,5236,0.10956421494483948
transformer_s1,val,0.2,0,5243,0.4348061680793762
transformer_s1,val,0.2,0,6917,0.015750322490930557
transformer_s1,val,0.2,0,6922,0.12448491901159286
transformer_s1,val,0.2,0,6923,0.07523339241743088
transformer_s1,val,0.2,0,6924,0.10799209028482437
transformer_s1,val,0.2,1,5176,0.08702501654624939
transformer_s1,val,0.2,1,5185,0.22306303679943085
transformer_s1,val,0.2,1,5199,0.06691094487905502
transformer_s1,val,0.2,1,5215,0.44548192620277405
transformer_s1,val,0.2,1,5217,0.004803668241947889
transformer_s1,val,0.2,1,5221,0.1925521045923233
transformer_s1,val,0.2,1,5222,0.03650009632110596
transformer_s1,val,0.2,1,5227,0.4944804608821869
transformer_s1,val,0.2,1,5232,0.0652572438120842
transformer_s1,val,0.2,1,5236,0.12308217585086823
transformer_s1,val,0.2,1,5243,0.1437414437532425
transformer_s1,val,0.2,1,6917,0.0023779894690960646
transformer_s1,val,0.2,1,6922,0.14912132918834686
transformer_s1,val,0.2,1,6923,0.09239515662193298
transformer_s1,val,0.2,1,6924,0.1308830827474594
transformer_s1,val,0.2,2,5176,0.06571341305971146
transformer_s1,val,0.2,2,5185,0.16581453382968903
transformer_s1,val,0.2,2,5199,0.06702026724815369
transformer_s1,val,0.2,2,5215,0.13407263159751892
transformer_s1,val,0.2,2,5217,0.07964559644460678
transformer_s1,val,0.2,2,5221,0.1983616203069687
transformer_s1,val,0.2,2,5222,0.04405850172042847
transformer_s1,val,0.2,2,5227,0.2661709487438202
transformer_s1,val,0.2,2,5232,0.03186219185590744
transformer_s1,val,0.2,2,5236,0.24572531878948212
transformer_s1,val,0.2,2,5243,0.2536105215549469
transformer_s1,val,0.2,2,6917,0.04367217421531677
transformer_s1,val,0.2,2,6922,0.030859125778079033
transformer_s1,val,0.2,2,6923,0.0735701471567154
transformer_s1,val,0.2,2,6924,0.11571119725704193
transformer_s1,val,0.4,0,5176,0.09333495795726776
transformer_s1,val,0.4,0,5185,0.5302810668945312
transformer_s1,val,0.4,0,5199,0.1003420501947403
transformer_s1,val,0.4,0,5215,0.2719535231590271
transformer_s1,val,0.4,0,5217,0.06703329086303711
transformer_s1,val,0.4,0,5221,0.4759383499622345
transformer_s1,val,0.4,0,5222,0.033155955374240875
transformer_s1,val,0.4,0,5227,0.4990079998970032
transformer_s1,val,0.4,0,5232,0.08500255644321442
transformer_s1,val,0.4,0,5236,0.10098593682050705
transformer_s1,val,0.4,0,5243,0.4979393780231476
transformer_s1,val,0.4,0,6917,0.025456158444285393
transformer_s1,val,0.4,0,6922,0.0842827707529068
transformer_s1,val,0.4,0,6923,0.08553148061037064
transformer_s1,val,0.4,0,6924,0.05674895644187927
transformer_s1,val,0.4,1,5176,0.10397051274776459
transformer_s1,val,0.4,1,5185,0.3494986295700073
transformer_s1,val,0.4,1,5199,0.055692385882139206
transformer_s1,val,0.4,1,5215,0.2019108384847641
transformer_s1,val,0.4,1,5217,0.028244348242878914
transformer_s1,val,0.4,1,5221,0.3032650947570801
transformer_s1,val,0.4,1,5222,0.03214971721172333
transformer_s1,val,0.4,1,5227,0.7532385587692261
transformer_s1,val,0.4,1,5232,0.07277794182300568
transformer_s1,val,0.4,1,5236,0.07375209033489227
transformer_s1,val,0.4,1,5243,0.5494387745857239
transformer_s1,val,0.4,1,6917,0.02736673690378666
transformer_s1,val,0.4,1,6922,0.05386315658688545
transformer_s1,val,0.4,1,6923,0.09256527572870255
transformer_s1,val,0.4,1,6924,0.07085860520601273
transformer_s1,val,0.4,2,5176,0.07934777438640594
transformer_s1,val,0.4,2,5185,0.4256247878074646
transformer_s1,val,0.4,2,5199,0.05916369706392288
transformer_s1,val,0.4,2,5215,0.2111975997686386
transformer_s1,val,0.4,2,5217,0.047724030911922455
transformer_s1,val,0.4,2,5221,0.23619036376476288
transformer_s1,val,0.4,2,5222,0.050430916249752045
transformer_s1,val,0.4,2,5227,0.24260707199573517
transformer_s1,val,0.4,2,5232,0.08931422978639603
transformer_s1,val,0.4,2,5236,0.1966080367565155
transformer_s1,val,0.4,2,5243,0.5418537259101868
transformer_s1,val,0.4,2,6917,0.021173665300011635
transformer_s1,val,0.4,2,6922,0.26600217819213867
transformer_s1,val,0.4,2,6923,0.06402826309204102
transformer_s1,val,0.4,2,6924,0.07826311141252518
transformer_s1,val,0.6,0,5176,0.08610180020332336
transformer_s1,val,0.6,0,5185,0.4595463275909424
transformer_s1,val,0.6,0,5199,0.11206096410751343
transformer_s1,val,0.6,0,5215,0.21898546814918518
transformer_s1,val,0.6,0,5217,0.06588257849216461
transformer_s1,val,0.6,0,5221,0.3147410452365875
transformer_s1,val,0.6,0,5222,0.09171897917985916
transformer_s1,val,0.6,0,5227,0.6484793424606323
transformer_s1,val,0.6,0,5232,0.08876682817935944
transformer_s1,val,0.6,0,5236,0.1444220244884491
transformer_s1,val,0.6,0,5243,0.5336955189704895
transformer_s1,val,0.6,0,6917,0.04088467359542847
transformer_s1,val,0.6,0,6922,0.17876479029655457
transformer_s1,val,0.6,0,6923,0.07007332891225815
transformer_s1,val,0.6,0,6924,0.12535297870635986
transformer_s1,val,0.6,1,5176,0.09843764454126358
transformer_s1,val,0.6,1,5185,0.3999662697315216
transformer_s1,val,0.6,1,5199,0.08995439112186432
transformer_s1,val,0.6,1,5215,0.19758929312229156
transformer_s1,val,0.6,1,5217,0.0396077036857605
transformer_s1,val,0.6,1,5221,0.3533214032649994
transformer_s1,val,0.6,1,5222,0.06277254223823547
transformer_s1,val,0.6,1,5227,0.698176920413971
transformer_s1,val,0.6,1,5232,0.10937106609344482
transformer_s1,val,0.6,1,5236,0.09807136654853821
transformer_s1,val,0.6,1,5243,0.3530582785606384
transformer_s1,val,0.6,1,6917,0.03882119804620743
transformer_s1,val,0.6,1,6922,0.07991065084934235
transformer_s1,val,0.6,1,6923,0.08200491219758987
transformer_s1,val,0.6,1,6924,0.11313312500715256
transformer_s1,val,0.6,2,5176,0.0765812024474144
transformer_s1,val,0.6,2,5185,0.9936383962631226
transformer_s1,val,0.6,2,5199,0.10252189636230469
transformer_s1,val,0.6,2,5215,0.1848284751176834
transformer_s1,val,0.6,2,5217,0.038073282688856125
transformer_s1,val,0.6,2,5221,0.3336148262023926
transformer_s1,val,0.6,2,5222,0.04224826768040657
transformer_s1,val,0.6,2,5227,0.485152930021286
transformer_s1,val,0.6,2,5232,0.04801352694630623
transformer_s1,val,0.6,2,5236,0.08049952983856201
transformer_s1,val,0.6,2,5243,0.6492359638214111
transformer_s1,val,0.6,2,6917,0.025991152971982956
transformer_s1,val,0.6,2,6922,0.07472553104162216
transformer_s1,val,0.6,2,6923,0.09086728096008301
transformer_s1,val,0.6,2,6924,0.19607163965702057
transformer_s1,test,0.2,0,5175,0.16482365131378174
transformer_s1,test,0.2,0,5177,0.14133617281913757
transformer_s1,test,0.2,0,5179,0.3020114302635193
transformer_s1,test,0.2,0,5180,0.5119927525520325
transformer_s1,test,0.2,0,5190,0.12608398497104645
transformer_s1,test,0.2,0,5195,0.2819852828979492
transformer_s1,test,0.2,0,5206,0.18988174200057983
transformer_s1,test,0.2,0,5212,0.08199139684438705
transformer_s1,test,0.2,0,5216,0.1059703603386879
transformer_s1,test,0.2,0,5228,0.722768247127533
transformer_s1,test,0.2,0,5233,0.5026182532310486
transformer_s1,test,0.2,0,5234,0.03603920713067055
transformer_s1,test,0.2,0,6300,0.05351758003234863
transformer_s1,test,0.2,0,6306,0.06826367229223251
transformer_s1,test,0.2,0,6883,1.0033389329910278
transformer_s1,test,0.2,1,5175,0.3813035190105438
transformer_s1,test,0.2,1,5177,0.1161389872431755
transformer_s1,test,0.2,1,5179,0.4582896828651428
transformer_s1,test,0.2,1,5180,0.1717042773962021
transformer_s1,test,0.2,1,5190,0.09450989961624146
transformer_s1,test,0.2,1,5195,0.23197446763515472
transformer_s1,test,0.2,1,5206,0.03426462039351463
transformer_s1,test,0.2,1,5212,0.04119465500116348
transformer_s1,test,0.2,1,5216,0.23428340256214142
transformer_s1,test,0.2,1,5228,0.2102331519126892
transformer_s1,test,0.2,1,5233,0.8827374577522278
transformer_s1,test,0.2,1,5234,0.06423113495111465
transformer_s1,test,0.2,1,6300,0.08095431327819824
transformer_s1,test,0.2,1,6306,0.08949162811040878
transformer_s1,test,0.2,1,6883,0.9992262125015259
transformer_s1,test,0.2,2,5175,0.3339874744415283
transformer_s1,test,0.2,2,5177,0.13286803662776947
transformer_s1,test,0.2,2,5179,0.4753844439983368
transformer_s1,test,0.2,2,5180,0.32875528931617737
transformer_s1,test,0.2,2,5190,0.11808780580759048
transformer_s1,test,0.2,2,5195,0.3816296458244324
transformer_s1,test,0.2,2,5206,0.04504629224538803
transformer_s1,test,0.2,2,5212,0.12264980375766754
transformer_s1,test,0.2,2,5216,0.17054983973503113
transformer_s1,test,0.2,2,5228,0.9919818639755249
transformer_s1,test,0.2,2,5233,0.35751938819885254
transformer_s1,test,0.2,2,5234,0.09537895023822784
transformer_s1,test,0.2,2,6300,0.06498532742261887
transformer_s1,test,0.2,2,6306,0.013005303218960762
transformer_s1,test,0.2,2,6883,1.1557382345199585
transformer_s1,test,0.4,0,5175,0.6878536343574524
transformer_s1,test,0.4,0,5177,0.17062847316265106
transformer_s1,test,0.4,0,5179,0.33364149928092957
transformer_s1,test,0.4,0,5180,0.2741575241088867
transformer_s1,test,0.4,0,5190,0.18473190069198608
transformer_s1,test,0.4,0,5195,0.2221096009016037
transformer_s1,test,0.4,0,5206,0.14579494297504425
transformer_s1,test,0.4,0,5212,0.06321084499359131
transformer_s1,test,0.4,0,5216,0.28350311517715454
transformer_s1,test,0.4,0,5228,0.49553626775741577
transformer_s1,test,0.4,0,5233,0.9317022562026978
transformer_s1,test,0.4,0,5234,0.07975813001394272
transformer_s1,test,0.4,0,6300,0.05791740119457245
transformer_s1,test,0.4,0,6306,0.03775717318058014
transformer_s1,test,0.4,0,6883,1.007112741470337
transformer_s1,test,0.4,1,5175,0.4144085645675659
transformer_s1,test,0.4,1,5177,0.1100081205368042
transformer_s1,test,0.4,1,5179,0.4969971179962158
transformer_s1,test,0.4,1,5180,0.3084771931171417
transformer_s1,test,0.4,1,5190,0.1498066633939743
transformer_s1,test,0.4,1,5195,0.22364504635334015
transformer_s1,test,0.4,1,5206,0.10072531551122665
transformer_s1,test,0.4,1,5212,0.07078463584184647
transformer_s1,test,0.4,1,5216,0.12161880731582642
transformer_s1,test,0.4,1,5228,0.4434070587158203
transformer_s1,test,0.4,1,5233,0.7106916308403015
transformer_s1,test,0.4,1,5234,0.07944919168949127
transformer_s1,test,0.4,1,6300,0.07362157106399536
transformer_s1,test,0.4,1,6306,0.033293116837739944
transformer_s1,test,0.4,1,6883,0.8842872977256775
transformer_s1,test,0.4,2,5175,0.41539233922958374
transformer_s1,test,0.4,2,5177,0.15373672544956207
transformer_s1,test,0.4,2,5179,0.5314735770225525
transformer_s1,test,0.4,2,5180,0.17144785821437836
transformer_s1,test,0.4,2,5190,0.17185723781585693
transformer_s1,test,0.4,2,5195,0.2741067111492157
transformer_s1,test,0.4,2,5206,0.0535544790327549
transformer_s1,test,0.4,2,5212,0.11825449764728546
transformer_s1,test,0.4,2,5216,0.22416062653064728
transformer_s1,test,0.4,2,5228,0.4692465364933014
transformer_s1,test,0.4,2,5233,0.9240617156028748
transformer_s1,test,0.4,2,5234,0.07695803046226501
transformer_s1,test,0.4,2,6300,0.10004937648773193
transformer_s1,test,0.4,2,6306,0.03783884644508362
transformer_s1,test,0.4,2,6883,0.8850793242454529
transformer_s1,test,0.6,0,5175,1.0805047750473022
transformer_s1,test,0.6,0,5177,0.1496378630399704
transformer_s1,test,0.6,0,5179,0.6233797669410706
transformer_s1,test,0.6,0,5180,0.5585995316505432
transformer_s1,test,0.6,0,5190,0.15818296372890472
transformer_s1,test,0.6,0,5195,0.3096531927585602
transformer_s1,test,0.6,0,5206,0.0952407568693161
transformer_s1,test,0.6,0,5212,0.058916255831718445
transformer_s1,test,0.6,0,5216,0.2550269663333893
transformer_s1,test,0.6,0,5228,0.4992835521697998
transformer_s1,test,0.6,0,5233,0.9182048439979553
transformer_s1,test,0.6,0,5234,0.08305080980062485
transformer_s1,test,0.6,0,6300,0.06354466080665588
transformer_s1,test,0.6,0,6306,0.057313911616802216
transformer_s1,test,0.6,0,6883,0.8451589345932007
transformer_s1,test,0.6,1,5175,0.6733399033546448
transformer_s1,test,0.6,1,5177,0.21843327581882477
transformer_s1,test,0.6,1,5179,0.5026516318321228
transformer_s1,test,0.6,1,5180,0.43887069821357727
transformer_s1,test,0.6,1,5190,0.1648235321044922
transformer_s1,test,0.6,1,5195,0.3299228847026825
transformer_s1,test,0.6,1,5206,0.08115850389003754
transformer_s1,test,0.6,1,5212,0.0692344605922699
transformer_s1,test,0.6,1,5216,0.1455511897802353
transformer_s1,test,0.6,1,5228,0.5193965435028076
transformer_s1,test,0.6,1,5233,0.8847514390945435
transformer_s1,test,0.6,1,5234,0.07332970201969147
transformer_s1,test,0.6,1,6300,0.10449177026748657
transformer_s1,test,0.6,1,6306,0.07220745831727982
transformer_s1,test,0.6,1,6883,0.7976687550544739
transformer_s1,test,0.6,2,5175,0.4817101061344147
transformer_s1,test,0.6,2,5177,0.17032448947429657
transformer_s1,test,0.6,2,5179,0.6647807955741882
transformer_s1,test,0.6,2,5180,0.28575965762138367
transformer_s1,test,0.6,2,5190,0.15183155238628387
transformer_s1,test,0.6,2,5195,0.4276144504547119
transformer_s1,test,0.6,2,5206,0.06641267240047455
transformer_s1,test,0.6,2,5212,0.1198551207780838
transformer_s1,test,0.6,2,5216,0.1666128933429718
transformer_s1,test,0.6,2,5228,0.7070044279098511
transformer_s1,test,0.6,2,5233,0.7686537504196167
transformer_s1,test,0.6,2,5234,0.0837286189198494
transformer_s1,test,0.6,2,6300,0.19225704669952393
transformer_s1,test,0.6,2,6306,0.09433156251907349
transformer_s1,test,0.6,2,6883,0.8036763072013855
transformer_s2,val,0.2,0,5176,0.10941851884126663
transformer_s2,val,0.2,0,5185,0.21442310512065887
transformer_s2,val,0.2,0,5199,0.05622422695159912
transformer_s2,val,0.2,0,5215,0.19959592819213867
transformer_s2,val,0.2,0,5217,0.0351075753569603
transformer_s2,val,0.2,0,5221,0.13726454973220825
transformer_s2,val,0.2,0,5222,0.09174402803182602
transformer_s2,val,0.2,0,5227,0.5107888579368591
transformer_s2,val,0.2,0,5232,0.08164558559656143
transformer_s2,val,0.2,0,5236,0.14121870696544647
transformer_s2,val,0.2,0,5243,0.3087009787559509
transformer_s2,val,0.2,0,6917,0.02873893454670906
transformer_s2,val,0.2,0,6922,0.11810535192489624
transformer_s2,val,0.2,0,6923,0.052528996020555496
transformer_s2,val,0.2,0,6924,0.08803966641426086
transformer_s2,val,0.2,1,5176,0.09664641320705414
transformer_s2,val,0.2,1,5185,0.13774023950099945
transformer_s2,val,0.2,1,5199,0.0652390867471695
transformer_s2,val,0.2,1,5215,0.4323778450489044
transformer_s2,val,0.2,1,5217,0.03296694532036781
transformer_s2,val,0.2,1,5221,0.13681946694850922
transformer_s2,val,0.2,1,5222,0.10037239640951157
transformer_s2,val,0.2,1,5227,0.3833523690700531
transformer_s2,val,0.2,1,5232,0.09797675162553787
transformer_s2,val,0.2,1,5236,0.17422424256801605
transformer_s2,val,0.2,1,5243,0.0953638032078743
transformer_s2,val,0.2,1,6917,0.0035617188550531864
transformer_s2,val,0.2,1,6922,0.1771172136068344
transformer_s2,val,0.2,1,6923,0.05512438714504242
transformer_s2,val,0.2,1,6924,0.10933554172515869
transformer_s2,val,0.2,2,5176,0.09772859513759613
transformer_s2,val,0.2,2,5185,0.13465435802936554
transformer_s2,val,0.2,2,5199,0.058487821370363235
transformer_s2,val,0.2,2,5215,0.10730904340744019
transformer_s2,val,0.2,2,5217,0.03695248067378998
transformer_s2,val,0.2,2,5221,0.15122024714946747
transformer_s2,val,0.2,2,5222,0.0821145698428154
transformer_s2,val,0.2,2,5227,0.27597418427467346
transformer_s2,val,0.2,2,5232,0.06536773592233658
transformer_s2,val,0.2,2,5236,0.35164889693260193
transformer_s2,val,0.2,2,5243,0.15563331544399261
transformer_s2,val,0.2,2,6917,0.11804567277431488
transformer_s2,val,0.2,2,6922,0.07010263949632645
transformer_s2,val,0.2,2,6923,0.05267644673585892
transformer_s2,val,0.2,2,6924,0.09645431488752365
transformer_s2,val,0.4,0,5176,0.09123773127794266
transformer_s2,val,0.4,0,5185,0.21318744122982025
transformer_s2,val,0.4,0,5199,0.0948706790804863
transformer_s2,val,0.4,0,5215,0.2273680865764618
transformer_s2,val,0.4,0,5217,0.04820866510272026
transformer_s2,val,0.4,0,5221,0.3382248282432556
transformer_s2,val,0.4,0,5222,0.0942971333861351
transformer_s2,val,0.4,0,5227,0.4320097863674164
transformer_s2,val,0.4,0,5232,0.09960178285837173
transformer_s2,val,0.4,0,5236,0.1317519098520279
transformer_s2,val,0.4,0,5243,0.3012838661670685
transformer_s2,val,0.4,0,6917,0.07952450960874557
transformer_s2,val,0.4,0,6922,0.10892739146947861
transformer_s2,val,0.4,0,6923,0.055306438356637955
transformer_s2,val,0.4,0,6924,0.041506100445985794
transformer_s2,val,0.4,1,5176,0.1306130588054657
transformer_s2,val,0.4,1,5185,0.15669111907482147
transformer_s2,val,0.4,1,5199,0.06546400487422943
transformer_s2,val,0.4,1,5215,0.22013218700885773
transformer_s2,val,0.4,1,5217,0.03872392326593399
transformer_s2,val,0.4,1,5221,0.21352404356002808
transformer_s2,val,0.4,1,5222,0.0692087858915329
transformer_s2,val,0.4,1,5227,0.4596717655658722
transformer_s2,val,0.4,1,5232,0.055115990340709686
transformer_s2,val,0.4,1,5236,0.10273865610361099
transformer_s2,val,0.4,1,5243,0.387879341840744
transformer_s2,val,0.4,1,6917,0.07685593515634537
transformer_s2,val,0.4,1,6922,0.062207359820604324
transformer_s2,val,0.4,1,6923,0.06103530898690224
transformer_s2,val,0.4,1,6924,0.06432327628135681
transformer_s2,val,0.4,2,5176,0.08502481132745743
transformer_s2,val,0.4,2,5185,0.17344607412815094
transformer_s2,val,0.4,2,5199,0.05679583549499512
transformer_s2,val,0.4,2,5215,0.16939206421375275
transformer_s2,val,0.4,2,5217,0.029840026050806046
transformer_s2,val,0.4,2,5221,0.16618487238883972
transformer_s2,val,0.4,2,5222,0.1457246094942093
transformer_s2,val,0.4,2,5227,0.24759335815906525
transformer_s2,val,0.4,2,5232,0.07839737832546234
transformer_s2,val,0.4,2,5236,0.2796773910522461
transformer_s2,val,0.4,2,5243,0.32784685492515564
transformer_s2,val,0.4,2,6917,0.041086744517087936
transformer_s2,val,0.4,2,6922,0.19578038156032562
transformer_s2,val,0.4,2,6923,0.04536006972193718
transformer_s2,val,0.4,2,6924,0.06669282168149948
transformer_s2,val,0.6,0,5176,0.0985604077577591
transformer_s2,val,0.6,0,5185,0.20823155343532562
transformer_s2,val,0.6,0,5199,0.09700914472341537
transformer_s2,val,0.6,0,5215,0.19350779056549072
transformer_s2,val,0.6,0,5217,0.04748963192105293
transformer_s2,val,0.6,0,5221,0.23455490171909332
transformer_s2,val,0.6,0,5222,0.26859402656555176
transformer_s2,val,0.6,0,5227,0.43896761536598206
transformer_s2,val,0.6,0,5232,0.08340124040842056
transformer_s2,val,0.6,0,5236,0.2080540806055069
transformer_s2,val,0.6,0,5243,0.3306351900100708
transformer_s2,val,0.6,0,6917,0.14011028409004211
transformer_s2,val,0.6,0,6922,0.12700039148330688
transformer_s2,val,0.6,0,6923,0.05031305551528931
transformer_s2,val,0.6,0,6924,0.0917605608701706
transformer_s2,val,0.6,1,5176,0.10122570395469666
transformer_s2,val,0.6,1,5185,0.17852458357810974
transformer_s2,val,0.6,1,5199,0.08727876096963882
transformer_s2,val,0.6,1,5215,0.2094985693693161
transformer_s2,val,0.6,1,5217,0.034310270100831985
transformer_s2,val,0.6,1,5221,0.2513487935066223
transformer_s2,val,0.6,1,5222,0.2192739099264145
transformer_s2,val,0.6,1,5227,0.4185183644294739
transformer_s2,val,0.6,1,5232,0.08544598519802094
transformer_s2,val,0.6,1,5236,0.1715477854013443
transformer_s2,val,0.6,1,5243,0.2068341076374054
transformer_s2,val,0.6,1,6917,0.14623430371284485
transformer_s2,val,0.6,1,6922,0.07351811230182648
transformer_s2,val,0.6,1,6923,0.05761811509728432
transformer_s2,val,0.6,1,6924,0.07938114553689957
transformer_s2,val,0.6,2,5176,0.07630591094493866
transformer_s2,val,0.6,2,5185,0.3595588803291321
transformer_s2,val,0.6,2,5199,0.09941666573286057
transformer_s2,val,0.6,2,5215,0.15820695459842682
transformer_s2,val,0.6,2,5217,0.026076531037688255
transformer_s2,val,0.6,2,5221,0.2383529096841812
transformer_s2,val,0.6,2,5222,0.14281998574733734
transformer_s2,val,0.6,2,5227,0.418504536151886
transformer_s2,val,0.6,2,5232,0.0714518204331398
transformer_s2,val,0.6,2,5236,0.14056062698364258
transformer_s2,val,0.6,2,5243,0.4147702753543854
transformer_s2,val,0.6,2,6917,0.07119143009185791
transformer_s2,val,0.6,2,6922,0.07981830090284348
transformer_s2,val,0.6,2,6923,0.06658963859081268
transformer_s2,val,0.6,2,6924,0.10010118037462234
transformer_s2,test,0.2,0,5175,0.10965187102556229
transformer_s2,test,0.2,0,5177,0.09088514745235443
transformer_s2,test,0.2,0,5179,0.1474991738796234
transformer_s2,test,0.2,0,5180,0.0891016274690628
transformer_s2,test,0.2,0,5190,0.17189015448093414
transformer_s2,test,0.2,0,5195,0.28169572353363037
transformer_s2,test,0.2,0,5206,0.045304421335458755
transformer_s2,test,0.2,0,5212,0.09790627658367157
transformer_s2,test,0.2,0,5216,0.08722322434186935
transformer_s2,test,0.2,0,5228,0.5782473087310791
transformer_s2,test,0.2,0,5233,0.42070749402046204
transformer_s2,test,0.2,0,5234,0.054161906242370605
transformer_s2,test,0.2,0,6300,0.07561231404542923
transformer_s2,test,0.2,0,6306,0.061480648815631866
transformer_s2,test,0.2,0,6883,0.6082974672317505
transformer_s2,test,0.2,1,5175,0.11786755174398422
transformer_s2,test,0.2,1,5177,0.07481101155281067
transformer_s2,test,0.2,1,5179,0.2187267541885376
transformer_s2,test,0.2,1,5180,0.05518204718828201
transformer_s2,test,0.2,1,5190,0.12447526305913925
transformer_s2,test,0.2,1,5195,0.235513836145401
transformer_s2,test,0.2,1,5206,0.015974758192896843
transformer_s2,test,0.2,1,5212,0.0822281688451767
transformer_s2,test,0.2,1,5216,0.2078159749507904
transformer_s2,test,0.2,1,5228,0.1548953801393509
transformer_s2,test,0.2,1,5233,0.7416853308677673
transformer_s2,test,0.2,1,5234,0.14713695645332336
transformer_s2,test,0.2,1,6300,0.1131882593035698
transformer_s2,test,0.2,1,6306,0.06819967925548553
transformer_s2,test,0.2,1,6883,0.6193954944610596
transformer_s2,test,0.2,2,5175,0.11834137886762619
transformer_s2,test,0.2,2,5177,0.08430755138397217
transformer_s2,test,0.2,2,5179,0.16667680442333221
transformer_s2,test,0.2,2,5180,0.0682077407836914
transformer_s2,test,0.2,2,5190,0.14095191657543182
transformer_s2,test,0.2,2,5195,0.30973950028419495
transformer_s2,test,0.2,2,5206,0.013463599607348442
transformer_s2,test,0.2,2,5212,0.15522632002830505
transformer_s2,test,0.2,2,5216,0.11826972663402557
transformer_s2,test,0.2,2,5228,0.8291388750076294
transformer_s2,test,0.2,2,5233,0.2961442768573761
transformer_s2,test,0.2,2,5234,0.1448749303817749
transformer_s2,test,0.2,2,6300,0.11956566572189331
transformer_s2,test,0.2,2,6306,0.015116109512746334
transformer_s2,test,0.2,2,6883,0.6760337948799133
transformer_s2,test,0.4,0,5175,0.16660310328006744
transformer_s2,test,0.4,0,5177,0.07831966131925583
transformer_s2,test,0.4,0,5179,0.16596932709217072
transformer_s2,test,0.4,0,5180,0.0629059299826622
transformer_s2,test,0.4,0,5190,0.1454736739397049
transformer_s2,test,0.4,0,5195,0.2211584746837616
transformer_s2,test,0.4,0,5206,0.04085930436849594
transformer_s2,test,0.4,0,5212,0.10071288794279099
transformer_s2,test,0.4,0,5216,0.2717542052268982
transformer_s2,test,0.4,0,5228,0.3949497640132904
transformer_s2,test,0.4,0,5233,0.7734012603759766
transformer_s2,test,0.4,0,5234,0.1556037813425064
transformer_s2,test,0.4,0,6300,0.08531324565410614
transformer_s2,test,0.4,0,6306,0.035806916654109955
transformer_s2,test,0.4,0,6883,0.6016985177993774
transformer_s2,test,0.4,1,5175,0.12347744405269623
transformer_s2,test,0.4,1,5177,0.08174613118171692
transformer_s2,test,0.4,1,5179,0.170003741979599
transformer_s2,test,0.4,1,5180,0.07372898608446121
transformer_s2,test,0.4,1,5190,0.17477308213710785
transformer_s2,test,0.4,1,5195,0.21019133925437927
transformer_s2,test,0.4,1,5206,0.03688961640000343
transformer_s2,test,0.4,1,5212,0.08798304945230484
transformer_s2,test,0.4,1,5216,0.09271467477083206
transformer_s2,test,0.4,1,5228,0.3495264947414398
transformer_s2,test,0.4,1,5233,0.5884889364242554
transformer_s2,test,0.4,1,5234,0.14208415150642395
transformer_s2,test,0.4,1,6300,0.1027938649058342
transformer_s2,test,0.4,1,6306,0.03253229707479477
transformer_s2,test,0.4,1,6883,0.5916813611984253
transformer_s2,test,0.4,2,5175,0.11444045603275299
transformer_s2,test,0.4,2,5177,0.08621971309185028
transformer_s2,test,0.4,2,5179,0.17198291420936584
transformer_s2,test,0.4,2,5180,0.05678253620862961
transformer_s2,test,0.4,2,5190,0.1472928673028946
transformer_s2,test,0.4,2,5195,0.2513332962989807
transformer_s2,test,0.4,2,5206,0.017526773735880852
transformer_s2,test,0.4,2,5212,0.15814460813999176
transformer_s2,test,0.4,2,5216,0.207661435008049
transformer_s2,test,0.4,2,5228,0.3746717870235443
transformer_s2,test,0.4,2,5233,0.7711774110794067
transformer_s2,test,0.4,2,5234,0.16556456685066223
transformer_s2,test,0.4,2,6300,0.1185326799750328
transformer_s2,test,0.4,2,6306,0.03440161794424057
transformer_s2,test,0.4,2,6883,0.5335061550140381
transformer_s2,test,0.6,0,5175,0.25946640968322754
transformer_s2,test,0.6,0,5177,0.06972089409828186
transformer_s2,test,0.6,0,5179,0.20391759276390076
transformer_s2,test,0.6,0,5180,0.1322934329509735
transformer_s2,test,0.6,0,5190,0.1416534185409546
transformer_s2,test,0.6,0,5195,0.31232887506484985
transformer_s2,test,0.6,0,5206,0.03789642080664635
transformer_s2,test,0.6,0,5212,0.09506114572286606
transformer_s2,test,0.6,0,5216,0.2513980269432068
transformer_s2,test,0.6,0,5228,0.4026927053928375
transformer_s2,test,0.6,0,5233,0.7087159752845764
transformer_s2,test,0.6,0,5234,0.12727859616279602
transformer_s2,test,0.6,0,6300,0.10304602980613708
transformer_s2,test,0.6,0,6306,0.04989545792341232
transformer_s2,test,0.6,0,6883,0.5204088091850281
transformer_s2,test,0.6,1,5175,0.18071645498275757
transformer_s2,test,0.6,1,5177,0.06608928740024567
transformer_s2,test,0.6,1,5179,0.19255997240543365
transformer_s2,test,0.6,1,5180,0.09587007015943527
transformer_s2,test,0.6,1,5190,0.12835149466991425
transformer_s2,test,0.6,1,5195,0.28522351384162903
transformer_s2,test,0.6,1,5206,0.027439957484602928
transformer_s2,test,0.6,1,5212,0.1195763498544693
transformer_s2,test,0.6,1,5216,0.11516303569078445
transformer_s2,test,0.6,1,5228,0.41565340757369995
transformer_s2,test,0.6,1,5233,0.7199955582618713
transformer_s2,test,0.6,1,5234,0.14376719295978546
transformer_s2,test,0.6,1,6300,0.09211607277393341
transformer_s2,test,0.6,1,6306,0.03646143153309822
transformer_s2,test,0.6,1,6883,0.608128011226654
transformer_s2,test,0.6,2,5175,0.12010544538497925
transformer_s2,test,0.6,2,5177,0.07771468907594681
transformer_s2,test,0.6,2,5179,0.16965708136558533
transformer_s2,test,0.6,2,5180,0.06605090200901031
transformer_s2,test,0.6,2,5190,0.14166828989982605
transformer_s2,test,0.6,2,5195,0.30406835675239563
transformer_s2,test,0.6,2,5206,0.045216336846351624
transformer_s2,test,0.6,2,5212,0.1469992697238922
transformer_s2,test,0.6,2,5216,0.13618066906929016
transformer_s2,test,0.6,2,5228,0.5726829767227173
transformer_s2,test,0.6,2,5233,0.613675594329834
transformer_s2,test,0.6,2,5234,0.16548648476600647
transformer_s2,test,0.6,2,6300,0.06974321603775024
transformer_s2,test,0.6,2,6306,0.03339146450161934
transformer_s2,test,0.6,2,6883,0.5977028012275696
